"","p_val","avg_logFC","pct.1","pct.2","p_val_adj","gene","sig"
"CYP4B1",1.5020781680834e-07,2.1790608755021,0.533,0.954,0.00397825402816888,"CYP4B1","p_val_adj<0.05"
"ABCA1",2.18904084794452e-07,1.18140036810111,0.267,0.861,0.00579767468578106,"ABCA1","p_val_adj<0.05"
"IER2",4.13073138956804e-07,1.47295394727402,1,0.974,0.0109402420852709,"IER2","p_val_adj<0.05"
"CLDN4",4.74837016333937e-07,2.15080459953735,1,0.995,0.0125760583776043,"CLDN4","p_val_adj<0.05"
"MIR614",4.83307781185993e-07,1.59079605373474,0.467,0.871,0.012800406584711,"MIR614","p_val_adj<0.05"
"POLR2A",1.75855368697716e-06,0.794669892505977,0.6,0.897,0.0465752943995901,"POLR2A","p_val_adj<0.05"
"UBC",2.44427557992963e-06,1.26004926146339,1,0.995,0.0647366387344361,"UBC","NS"
"SFTPB",3.59716993332322e-06,1.79269834152189,0.867,0.948,0.0952710456840654,"SFTPB","NS"
"TACSTD2",7.08324095332794e-06,1.5130079109193,1,0.979,0.18759963664889,"TACSTD2","NS"
"CD74",7.2326115642618e-06,1.3721613107072,1,1,0.191555717279474,"CD74","NS"
"SLC38A2",1.00477360923871e-05,0.933912484344776,0.8,0.959,0.266114290406873,"SLC38A2","NS"
"AQP4",1.28026422726289e-05,1.73984603984111,0.8,0.938,0.339077980590576,"AQP4","NS"
"HLA-C",1.45059178731664e-05,1.57627801242871,1,0.995,0.384189234870811,"HLA-C","NS"
"CLDN3",1.57206683163129e-05,1.12788129648847,1,0.985,0.416361900357546,"CLDN3","NS"
"RALY",1.77025288176066e-05,1.02918812358211,0.933,0.948,0.468851475734312,"RALY","NS"
"CD55",2.65834400313396e-05,1.17313451279667,0.933,0.985,0.704062409230028,"CD55","NS"
"RC3H1",2.88133119674222e-05,0.658939265784316,0.4,0.804,0.763120567457178,"RC3H1","NS"
"JUNB",3.45600189264265e-05,1.26904320701324,1,0.969,0.915322101266407,"JUNB","NS"
"GPRC5A",3.65913946976296e-05,1.08513970715312,0.867,0.959,0.96912308856672,"GPRC5A","NS"
"HLA-E",3.76979109931094e-05,1.60200101049262,0.933,0.985,0.998429172652503,"HLA-E","NS"
"CD24",4.60885594386346e-05,0.859847673334883,1,0.979,1,"CD24","NS"
"CAV2",4.71693374051745e-05,1.01586122738041,0.733,0.892,1,"CAV2","NS"
"NDNF",5.53449492018066e-05,1.09577725273197,0.6,0.876,1,"NDNF","NS"
"CYBA",5.57275223000726e-05,1.13067801133427,0.467,0.902,1,"CYBA","NS"
"ARF4",5.77909945043124e-05,1.18010646110855,1,0.948,1,"ARF4","NS"
"CIRBP",7.09235300722538e-05,0.769335662348409,0.933,0.938,1,"CIRBP","NS"
"CLDN18",7.3299387184956e-05,1.25720623745152,0.6,0.933,1,"CLDN18","NS"
"ACP5",7.76856172111721e-05,0.826854928883444,0.2,0.686,1,"ACP5","NS"
"JUN",8.09157282840217e-05,1.09679742105046,1,0.995,1,"JUN","NS"
"CLIC5",8.12886792015533e-05,1.0852472734883,0.333,0.814,1,"CLIC5","NS"
"ZFP36L2",0.000132297758784486,0.697288748511872,0.733,0.84,1,"ZFP36L2","NS"
"HMGN2",0.000150030679920842,0.747368366749589,1,0.979,1,"HMGN2","NS"
"CDV3",0.000166540102702531,0.59484890053821,0.533,0.887,1,"CDV3","NS"
"AGER",0.000170181750038255,1.53124042196977,0.733,0.881,1,"AGER","NS"
"TP53BP2",0.000189846597168735,0.958321640668701,0.667,0.897,1,"TP53BP2","NS"
"CNBP",0.000191742928494927,1.04717304923143,0.8,0.938,1,"CNBP","NS"
"MS4A15",0.0001939249532098,0.986714614881794,0.467,0.737,1,"MS4A15","NS"
"FAM46B",0.000232407138788572,1.15880729540064,0.533,0.804,1,"FAM46B","NS"
"TMEM230",0.000235106370833172,0.843134366837374,0.733,0.856,1,"TMEM230","NS"
"MSLN",0.000236704935710832,0.947226166819816,0.933,0.938,1,"MSLN","NS"
"MIR3654",0.000243385283994889,0.543424883807815,0.933,0.861,1,"MIR3654","NS"
"ALDH3A2",0.000260577973316509,0.825875435310055,0.733,0.902,1,"ALDH3A2","NS"
"PNRC1",0.000279022544783647,0.669240855259248,0.933,0.943,1,"PNRC1","NS"
"AK1",0.000286303141119384,1.01090770349507,0.867,0.948,1,"AK1","NS"
"ATF7IP2",0.000316551067102559,0.609027885017112,0.267,0.732,1,"ATF7IP2","NS"
"HLA-H",0.000323251296572022,0.479201216885898,0.867,0.866,1,"HLA-H","NS"
"PRKCZ",0.000342243082808107,0.717089803000102,0.333,0.732,1,"PRKCZ","NS"
"LMO7",0.00037315933788943,0.831758413140617,0.933,0.985,1,"LMO7","NS"
"AHCYL2",0.000424081301412839,0.57152197173644,0.467,0.763,1,"AHCYL2","NS"
"EIF5A",0.00045194660742796,0.785016344625571,0.867,0.948,1,"EIF5A","NS"
"CFL1",0.000452506982617813,0.548548895942444,1,1,1,"CFL1","NS"
"CYBRD1",0.000541503837568003,0.702205541217244,0.6,0.876,1,"CYBRD1","NS"
"RAB11B",0.000548245126026165,0.52139276865048,0.733,0.799,1,"RAB11B","NS"
"ADRB2",0.000558782211119131,0.943941566443687,0.533,0.758,1,"ADRB2","NS"
"SCPEP1",0.000570068431406138,0.740136303346782,0.533,0.784,1,"SCPEP1","NS"
"PCMTD1",0.000639062109814765,0.58368706949294,0.667,0.876,1,"PCMTD1","NS"
"BASP1",0.000654254980889462,0.688051880467585,0.2,0.639,1,"BASP1","NS"
"ELF3",0.000671278396178869,0.622382101343334,1,0.995,1,"ELF3","NS"
"SLC35A1",0.000698933358263929,0.704743606612247,0.333,0.691,1,"SLC35A1","NS"
"LIMCH1",0.000712842114458331,0.816006639003622,0.733,0.923,1,"LIMCH1","NS"
"CLDN7",0.000727538666261706,0.976393234041017,1,0.959,1,"CLDN7","NS"
"QKI",0.00075016228802017,0.701725454177037,0.533,0.789,1,"QKI","NS"
"SLC22A31",0.000753098535711322,0.936519396111972,0.6,0.763,1,"SLC22A31","NS"
"IRF1",0.000798332920567157,0.941364880732504,0.733,0.928,1,"IRF1","NS"
"PDE4C",0.000833712304043398,1.33112345504688,0.533,0.799,1,"PDE4C","NS"
"JUND",0.000854169094124687,0.853034644158408,1,0.969,1,"JUND","NS"
"SDC4",0.000867996578852648,0.826777462384436,1,0.99,1,"SDC4","NS"
"TOB2",0.000869343639804689,0.721193684851622,0.867,0.866,1,"TOB2","NS"
"ZC3HAV1",0.000895269791917458,1.05992726613517,0.933,0.948,1,"ZC3HAV1","NS"
"SCAMP2",0.000947860462810396,0.637271555473793,0.2,0.619,1,"SCAMP2","NS"
"CRLS1",0.00096655181194943,0.721630867368013,0.8,0.881,1,"CRLS1","NS"
"GDF15",0.000968315765580877,1.14950071265301,0.6,0.876,1,"GDF15","NS"
"EIF5AL1",0.000978735870812871,0.353607982981763,0.6,0.768,1,"EIF5AL1","NS"
"NCOR1",0.000994615294951153,0.445008631102608,0.333,0.747,1,"NCOR1","NS"
"SYNGR2",0.00100620928080945,0.842413007718066,0.933,0.923,1,"SYNGR2","NS"
"CYP4Z2P",0.00102841912770685,0.385737170545603,0,0.459,1,"CYP4Z2P","NS"
"CTSA",0.00107615354578482,0.859762845970339,0.667,0.84,1,"CTSA","NS"
"HLA-B",0.00111708708896941,0.987737662002217,1,1,1,"HLA-B","NS"
"KLF5",0.00115178076496165,0.823347806490538,0.733,0.969,1,"KLF5","NS"
"F11R",0.00116898945107299,0.842806562294329,0.933,0.938,1,"F11R","NS"
"IRX2",0.00123154551455886,0.904175179702893,0.8,0.923,1,"IRX2","NS"
"CALR",0.00124558331421606,0.820552401382149,1,0.985,1,"CALR","NS"
"PMP22",0.00124647562771298,0.613265226999649,0,0.448,1,"PMP22","NS"
"STARD10",0.00141745740602906,0.867426650689337,0.733,0.892,1,"STARD10","NS"
"NUDT19",0.00142353747738839,1.05119196359464,0.6,0.737,1,"NUDT19","NS"
"ATP5B",0.00142667089415912,0.961900236553634,0.733,0.933,1,"ATP5B","NS"
"POR",0.00142941556541665,0.859131303046466,0.867,0.948,1,"POR","NS"
"MALL",0.00143865926726659,0.580981541005117,0.667,0.773,1,"MALL","NS"
"CYB5R3",0.00143865926726659,0.958049045661609,0.6,0.778,1,"CYB5R3","NS"
"SELENBP1",0.00144171966586906,0.80281082744681,0.933,0.974,1,"SELENBP1","NS"
"PARP14",0.00153259261386832,0.65830501451881,0.933,0.974,1,"PARP14","NS"
"SECISBP2L",0.00159081961777008,0.605577222969647,0.333,0.747,1,"SECISBP2L","NS"
"EDEM1",0.00160462088115488,0.459383806710399,0.333,0.644,1,"EDEM1","NS"
"SNRNP70",0.00161175207780194,0.715092420402189,0.4,0.675,1,"SNRNP70","NS"
"AQP3",0.00162209942441263,1.11881388790702,0.667,0.861,1,"AQP3","NS"
"SELT",0.00163884318320157,0.778004451826524,0.667,0.804,1,"SELT","NS"
"FXR1",0.00164434947171193,0.547182880434396,0.6,0.773,1,"FXR1","NS"
"SFPQ",0.0017172148449558,0.636983563841388,0.867,0.974,1,"SFPQ","NS"
"DTX3L",0.00172253236687972,0.816368829769047,0.733,0.835,1,"DTX3L","NS"
"VAPA",0.00173428946605725,0.699504421542781,0.867,0.902,1,"VAPA","NS"
"TYMP",0.00174251101730806,0.888518387927937,0.733,0.866,1,"TYMP","NS"
"TAPBP",0.00176915162003208,0.695651344725858,0.867,0.959,1,"TAPBP","NS"
"CITED4",0.001771802151777,0.392792738956856,0.2,0.572,1,"CITED4","NS"
"MUC21",0.00181405808836298,1.13370568799102,0,0.428,1,"MUC21","NS"
"DDX6",0.00185594276661645,0.562188634871502,0.6,0.814,1,"DDX6","NS"
"FBLN5",0.00192983088701237,0.892241507549729,0.467,0.794,1,"FBLN5","NS"
"CAPN2",0.0020105104520762,0.633135938168207,0.933,0.974,1,"CAPN2","NS"
"C3",0.00210778995238065,0.878838556676027,0.667,0.881,1,"C3","NS"
"TAGLN2",0.00211826115251874,0.75873058479714,1,0.995,1,"TAGLN2","NS"
"HSD17B11",0.00215478525700155,0.560043756032738,0.333,0.66,1,"HSD17B11","NS"
"PAPSS1",0.00216495451515763,0.624522084533488,0.333,0.67,1,"PAPSS1","NS"
"ATF3",0.00218189065356996,0.788325085036817,1,0.974,1,"ATF3","NS"
"CHP1",0.00220611593004633,0.943532804618574,0.933,0.907,1,"CHP1","NS"
"ATP6V0C",0.00223571147111203,0.273896851278549,0.8,0.845,1,"ATP6V0C","NS"
"HERPUD1",0.00223599931277792,0.938185246891059,0.867,0.902,1,"HERPUD1","NS"
"KLHL24",0.00226073700564206,0.647335362325868,0.533,0.825,1,"KLHL24","NS"
"DDOST",0.00239605903242383,0.797352478014626,0.867,0.876,1,"DDOST","NS"
"UBTD1",0.00240399630029898,0.465824631515123,0.467,0.686,1,"UBTD1","NS"
"SRP9",0.00251539289301994,0.678280357758839,0.8,0.907,1,"SRP9","NS"
"PROS1",0.0025478670690919,0.388215245923982,0.133,0.521,1,"PROS1","NS"
"ASS1",0.00270162854732619,0.704343721858515,0.733,0.902,1,"ASS1","NS"
"ARF1",0.00277919603618686,0.538448418647465,0.933,0.985,1,"ARF1","NS"
"COMMD2",0.0028058682060058,0.562687581704073,0.6,0.789,1,"COMMD2","NS"
"SPSB3",0.00282280932189488,0.811931485962466,0.533,0.722,1,"SPSB3","NS"
"ANKRD29",0.00284577102728343,0.488942436869999,0.4,0.856,1,"ANKRD29","NS"
"MAP1LC3A",0.00296319995497668,0.678387250483256,0.733,0.773,1,"MAP1LC3A","NS"
"ANXA4",0.00297463593889903,0.854701064025797,0.733,0.876,1,"ANXA4","NS"
"CLIC2",0.00309191121376455,0.541847470727601,0.6,0.804,1,"CLIC2","NS"
"VSIG2",0.00316156614056204,0.780011258786897,0.333,0.665,1,"VSIG2","NS"
"LMF2",0.00317729526780872,0.361305906925406,0.333,0.644,1,"LMF2","NS"
"HLA-A",0.00323350047951529,0.898799308047727,1,1,1,"HLA-A","NS"
"MAGI3",0.0032643794536652,0.73372605265371,0.867,0.902,1,"MAGI3","NS"
"NR4A1",0.00327534207986648,0.684931448319145,0.6,0.804,1,"NR4A1","NS"
"TMEM37",0.00328399442265736,0.567117816798336,0.133,0.577,1,"TMEM37","NS"
"CYR61",0.00332608830207377,0.8974568886282,1,0.954,1,"CYR61","NS"
"TMEM63B",0.00332996720551827,0.483468184823231,0.4,0.644,1,"TMEM63B","NS"
"PRR15L",0.00338629540100896,0.746158769537379,0.533,0.794,1,"PRR15L","NS"
"KRT7",0.00352185943510706,0.757716002931881,1,0.964,1,"KRT7","NS"
"PPM1K",0.00358866764562917,0.347563320768772,0.2,0.629,1,"PPM1K","NS"
"TOB1",0.00364871991565841,0.662912956193547,0.933,0.964,1,"TOB1","NS"
"FAM189A2",0.00370777103235184,0.271260914964596,0,0.387,1,"FAM189A2","NS"
"TUFM",0.00372161526537403,0.714700658633317,1,0.923,1,"TUFM","NS"
"PRICKLE1",0.0038125303712501,0.521919162745952,0.2,0.572,1,"PRICKLE1","NS"
"TSR3",0.00383835246146028,0.572655614951117,0.533,0.706,1,"TSR3","NS"
"YPEL3",0.00393787385422048,0.71755663494646,0.667,0.825,1,"YPEL3","NS"
"MTFR1L",0.00394179595955301,0.476241294607684,0.133,0.51,1,"MTFR1L","NS"
"NECAB3",0.00394982492023315,0.661167705716443,0.667,0.851,1,"NECAB3","NS"
"PPP4C",0.00406809584209885,0.84290498130614,0.933,0.814,1,"PPP4C","NS"
"BTN3A3",0.00410074645341206,0.28267291429952,0.067,0.448,1,"BTN3A3","NS"
"ADAM10",0.00416528054714577,0.375491367434604,0.4,0.66,1,"ADAM10","NS"
"ACTB",0.0041719706083411,0.562034658034897,1,1,1,"ACTB","NS"
"PRKAR1A",0.00420503335877928,0.464566943397503,0.467,0.784,1,"PRKAR1A","NS"
"IGFBP2",0.00422134998339705,1.43017359276032,0.733,0.856,1,"IGFBP2","NS"
"POLH",0.0042272925307145,0.519492031134607,0.267,0.567,1,"POLH","NS"
"NHSL1",0.00423140836774585,0.635515991133792,0.733,0.753,1,"NHSL1","NS"
"ZNF331",0.0042385429403413,0.287782095200862,0.133,0.552,1,"ZNF331","NS"
"IER3",0.00425464185613771,0.911464545707439,0.933,0.933,1,"IER3","NS"
"PLEKHA3",0.0043149498865258,0.379713863636127,0.2,0.536,1,"PLEKHA3","NS"
"LIMS1",0.00431639117493569,0.654154529643049,0.4,0.753,1,"LIMS1","NS"
"AASS",0.00432531226096974,0.53627902140293,0.533,0.737,1,"AASS","NS"
"CIAO1",0.00438056607501119,0.690208969655336,0.667,0.799,1,"CIAO1","NS"
"TACC1",0.00440005910498103,0.562797794404198,0.333,0.691,1,"TACC1","NS"
"MAT2B",0.00447948210757897,0.27882658383843,0.267,0.603,1,"MAT2B","NS"
"RAB5C",0.00452542340121604,0.288784240882653,0.467,0.701,1,"RAB5C","NS"
"LGALS3BP",0.0045992497293902,0.591673953323825,1,0.99,1,"LGALS3BP","NS"
"SLC15A2",0.0048561553693744,0.304729260171364,0.067,0.428,1,"SLC15A2","NS"
"SEMA3B",0.00485955161325076,0.581591467995787,0.067,0.464,1,"SEMA3B","NS"
"SDPR",0.00487863439769799,0.750259633421044,0.267,0.619,1,"SDPR","NS"
"ATP11A",0.00495488403176917,0.452327978527134,0.733,0.887,1,"ATP11A","NS"
"ABI1",0.0049575347759957,0.2837344160234,0.2,0.557,1,"ABI1","NS"
"GATA6",0.00495951429857716,0.653959613516766,0.8,0.887,1,"GATA6","NS"
"PODXL2",0.0050003492460769,0.367464742642235,0.333,0.593,1,"PODXL2","NS"
"TMEM9B",0.00507489520714138,0.448087196112202,0.333,0.619,1,"TMEM9B","NS"
"ECEL1P2",0.00509968126452744,0.310967313097549,0.067,0.423,1,"ECEL1P2","NS"
"TSPAN13",0.00513263063211142,0.626824934733572,1,0.943,1,"TSPAN13","NS"
"MS4A18",0.00521248543655014,0.970434887342288,0,0.366,1,"MS4A18","NS"
"AQP5",0.00529702473739125,0.544292399307033,0.733,0.799,1,"AQP5","NS"
"OSR2",0.00538409545980298,0.624544827767681,0.267,0.639,1,"OSR2","NS"
"LAMA3",0.0054703751372624,0.762980414885481,0.4,0.686,1,"LAMA3","NS"
"PNPLA2",0.00548182724426352,0.59890290218492,0.8,0.845,1,"PNPLA2","NS"
"NAGK",0.00555144517196971,0.511455292699537,0.267,0.603,1,"NAGK","NS"
"EEF2",0.00557342789068479,0.418279533190414,1,0.959,1,"EEF2","NS"
"ALG12",0.00560520995219398,0.542331090030991,0.2,0.531,1,"ALG12","NS"
"ID2",0.00594072413663685,0.74630187792754,0.667,0.918,1,"ID2","NS"
"THRAP3",0.00603788738980223,0.757393403369775,0.933,0.928,1,"THRAP3","NS"
"XAF1",0.00607396397427176,0.830681138258969,0.533,0.83,1,"XAF1","NS"
"SOD3",0.00627250036171612,0.816407548956806,0.733,0.727,1,"SOD3","NS"
"EFNA1",0.00629662413820424,0.59716459644175,1,0.985,1,"EFNA1","NS"
"NXF1",0.00673757830746839,0.617250477393271,0.533,0.784,1,"NXF1","NS"
"BCL6",0.00689153509102934,0.366309953925718,0.6,0.794,1,"BCL6","NS"
"SPINT2",0.0070079400994085,0.559343316453947,1,1,1,"SPINT2","NS"
"MBNL1",0.00711416586997013,0.333866320443706,0.6,0.742,1,"MBNL1","NS"
"OAT",0.0073082839794636,0.341537792218651,0.333,0.593,1,"OAT","NS"
"RNF13",0.00754424203693989,0.471271498667304,0.533,0.794,1,"RNF13","NS"
"FAM184A",0.00759481489074373,0.544564170515671,0.533,0.763,1,"FAM184A","NS"
"SP100",0.0079864627148703,0.519882104011931,0.8,0.938,1,"SP100","NS"
"MORF4L1",0.0084684006994465,0.556616654772888,0.933,0.923,1,"MORF4L1","NS"
"ATP6V1C2",0.00860676334132736,0.439481284827719,0.333,0.541,1,"ATP6V1C2","NS"
"APOOL",0.0087713571724877,0.565385123508671,0.267,0.531,1,"APOOL","NS"
"SMPDL3B",0.00878779825744461,0.763697938139534,0.867,0.861,1,"SMPDL3B","NS"
"C6orf62",0.00887827370126137,0.444460771164367,0.867,0.995,1,"C6orf62","NS"
"GABARAP",0.00896426815706817,0.598373945091821,0.867,0.907,1,"GABARAP","NS"
"PIM3",0.00896553158461686,0.512510294937705,0.533,0.716,1,"PIM3","NS"
"TUBA4A",0.00898163899527727,0.833102750312702,0.933,0.928,1,"TUBA4A","NS"
"SH3RF1",0.00906862975447212,0.396082773212693,0.467,0.727,1,"SH3RF1","NS"
"ODF3B",0.00907284937724103,0.518098636166724,0.267,0.567,1,"ODF3B","NS"
"TPD52L2",0.00915385128383236,0.6335113088516,0.467,0.675,1,"TPD52L2","NS"
"C1orf116",0.00928807190262877,0.563125367020024,0.933,0.964,1,"C1orf116","NS"
"TMEM39A",0.00934339020265763,0.393413294011271,0.333,0.644,1,"TMEM39A","NS"
"WDR74",0.00940444409506109,1.107875734394,0.933,0.84,1,"WDR74","NS"
"LRRN4",0.00959974963834721,0.81164562020197,0.533,0.742,1,"LRRN4","NS"
"OCLN",0.00974751805249575,0.510194203517334,0.667,0.773,1,"OCLN","NS"
"SLC44A4",0.00974805303691438,0.852906737343414,0.533,0.737,1,"SLC44A4","NS"
"ARL2BP",0.00988646057693573,0.51425788342733,0.4,0.655,1,"ARL2BP","NS"
"CERS4",0.009993661817394,0.737373313979238,0.467,0.619,1,"CERS4","NS"
"DCTN2",0.0100364083515269,0.751742645204289,0.333,0.582,1,"DCTN2","NS"
"FOS",0.010229929208829,0.773457783595762,1,0.99,1,"FOS","NS"
"RNF5",0.0102596282827288,0.435469687822328,0.733,0.871,1,"RNF5","NS"
"SCYL2",0.0103068656237003,0.262232244785621,0.133,0.474,1,"SCYL2","NS"
"NABP1",0.0103897087203972,0.454469124804173,0.333,0.613,1,"NABP1","NS"
"PLLP",0.0104350310129048,0.671840055483022,0.533,0.66,1,"PLLP","NS"
"MIIP",0.0104699876987365,0.575974478989356,0.333,0.577,1,"MIIP","NS"
"CCDC186",0.010490370661479,0.360974462983077,0.333,0.701,1,"CCDC186","NS"
"CLN3",0.0105814046064081,0.719057361512332,0.8,0.861,1,"CLN3","NS"
"HEXIM1",0.0105998315380156,0.620014177523884,0.8,0.918,1,"HEXIM1","NS"
"PTGES3",0.0106173737867002,0.60126826661173,1,0.928,1,"PTGES3","NS"
"EPB41L5",0.0106346394708871,0.638779251450547,0.6,0.773,1,"EPB41L5","NS"
"GGH",0.0107074123947348,0.449263020799104,0.333,0.608,1,"GGH","NS"
"PIAS1",0.0107657221621345,0.587984798072708,0.467,0.691,1,"PIAS1","NS"
"FRAT2",0.0108020993643479,0.278183076585621,0,0.32,1,"FRAT2","NS"
"SLC35B3",0.0109462250367393,0.296194418385442,0.133,0.448,1,"SLC35B3","NS"
"HEXA",0.0109675306282877,0.494821497929636,0.467,0.696,1,"HEXA","NS"
"PLD3",0.0109677827036364,0.779601086437211,0.933,0.954,1,"PLD3","NS"
"APOL1",0.0110004988842204,0.407696021569068,0.467,0.711,1,"APOL1","NS"
"SSR1",0.0110955753916196,0.598523812622016,0.733,0.881,1,"SSR1","NS"
"CD47",0.011182547060104,0.624755053114054,1,0.985,1,"CD47","NS"
"CMAHP",0.0112123946160668,0.401578441569096,0.267,0.577,1,"CMAHP","NS"
"MLLT10",0.0112482085422879,0.278009893915649,0.133,0.438,1,"MLLT10","NS"
"PSMC5",0.011323946731247,0.800733663100515,0.533,0.716,1,"PSMC5","NS"
"CEBPB",0.0114421008565145,0.497119538488449,0.933,0.861,1,"CEBPB","NS"
"PRKCI",0.0117624792316138,0.382021351403043,0.6,0.825,1,"PRKCI","NS"
"PPP1R10",0.0119044589099202,0.749324242241056,1,0.943,1,"PPP1R10","NS"
"ASL",0.0120110381664024,0.766700147066481,0.733,0.84,1,"ASL","NS"
"TLE3",0.0120302088776774,0.479685268795443,0.8,0.82,1,"TLE3","NS"
"MLLT4",0.0120436865566229,0.419274218307818,0.667,0.856,1,"MLLT4","NS"
"STRN3",0.0122021197801873,0.427142524751241,0.667,0.711,1,"STRN3","NS"
"RRAGA",0.0122278900218734,0.448974969204109,0.2,0.474,1,"RRAGA","NS"
"DNAJB6",0.0122395293007685,0.480792751832117,0.933,0.892,1,"DNAJB6","NS"
"ASNA1",0.0124140321071945,0.33122487912045,0.467,0.68,1,"ASNA1","NS"
"AKAP8",0.0124382295051276,0.624800108285948,0.4,0.634,1,"AKAP8","NS"
"TMEM59",0.0125212708412459,0.558885563436494,0.933,0.969,1,"TMEM59","NS"
"RAB1B",0.0125617592869059,0.33821921221485,0.8,0.866,1,"RAB1B","NS"
"CYB5D1",0.0126166595694002,0.316101916886631,0,0.309,1,"CYB5D1","NS"
"MYOM1",0.0126166595694002,0.354013646659575,0,0.309,1,"MYOM1","NS"
"TNS1",0.0126669510715904,0.520886649422583,0.733,0.948,1,"TNS1","NS"
"TCEA3",0.0128193740188673,0.523302687501123,0.8,0.789,1,"TCEA3","NS"
"DSTNP2",0.0129878899451348,0.514500155607383,0.333,0.593,1,"DSTNP2","NS"
"CAV1",0.0130478445530592,1.0216200598981,0.667,0.851,1,"CAV1","NS"
"SMC4",0.0131463025731731,0.495911140914086,0.667,0.856,1,"SMC4","NS"
"CAT",0.0132696473946459,0.323291328020276,0.2,0.474,1,"CAT","NS"
"USP18",0.0132980796943759,0.405436495565736,0.133,0.433,1,"USP18","NS"
"ENOSF1",0.0133778659059401,0.559273221279904,0.467,0.691,1,"ENOSF1","NS"
"SYNGR3",0.0136235355492064,0.323816849716789,0,0.304,1,"SYNGR3","NS"
"SCTR",0.0136235355492064,0.374422770413002,0,0.304,1,"SCTR","NS"
"GIGYF1",0.0138698183403919,0.31250233010238,0.8,0.784,1,"GIGYF1","NS"
"PHACTR1",0.0138739028330596,0.294491171598797,0.067,0.381,1,"PHACTR1","NS"
"TTN",0.0140619733725683,0.277560113496336,0.133,0.438,1,"TTN","NS"
"GLS",0.014861819912512,0.55448820737452,0.8,0.871,1,"GLS","NS"
"ZNF394",0.0148651174538757,0.304708332214623,0.133,0.5,1,"ZNF394","NS"
"CCNL2",0.0150747642613503,0.686317354986402,0.533,0.773,1,"CCNL2","NS"
"ADRM1",0.01527578700838,0.569565473037787,0.933,0.881,1,"ADRM1","NS"
"AVPI1",0.0153573334913455,0.508158345813753,0.067,0.376,1,"AVPI1","NS"
"AGPAT2",0.0154882180337857,1.04141978429383,0.667,0.655,1,"AGPAT2","NS"
"ATP6V0D1",0.0155574659174606,0.77882190402642,0.933,0.799,1,"ATP6V0D1","NS"
"C6orf132",0.0155893718806717,0.326862144553838,0.333,0.67,1,"C6orf132","NS"
"KDM6B",0.0155918746473043,0.359736719252713,0.4,0.624,1,"KDM6B","NS"
"GADD45B",0.0156289315332145,0.975600446838444,1,0.943,1,"GADD45B","NS"
"C11orf54",0.0157552164152791,0.321046416043969,0.533,0.706,1,"C11orf54","NS"
"NUCB1",0.0158166325255362,0.27013233084774,0.733,0.809,1,"NUCB1","NS"
"CRELD1",0.0160558991603996,0.39859306289769,0.067,0.361,1,"CRELD1","NS"
"YWHAH",0.0160612609412557,0.579886926904597,0.467,0.727,1,"YWHAH","NS"
"HOPX",0.0161930088718699,0.681083068962372,1,0.918,1,"HOPX","NS"
"STXBP2",0.0162470954429624,0.408940678527803,0.467,0.634,1,"STXBP2","NS"
"C15orf48",0.0162712693984428,0.561924462242523,0.467,0.784,1,"C15orf48","NS"
"PRRC1",0.0162951795568122,0.552819261042899,0.6,0.691,1,"PRRC1","NS"
"UBE2S",0.0164358176643985,0.466128236454856,0.6,0.794,1,"UBE2S","NS"
"LY6E",0.0165979763699756,0.847823123619708,1,0.928,1,"LY6E","NS"
"SSFA2",0.0166835447957509,0.303233557447878,0.4,0.675,1,"SSFA2","NS"
"PLEKHB2",0.0167141416439366,0.724799301576995,0.6,0.737,1,"PLEKHB2","NS"
"IL34",0.0167569880389136,0.291564911069193,0.067,0.356,1,"IL34","NS"
"NUBP2",0.0168298906181964,0.79141456177961,0.667,0.763,1,"NUBP2","NS"
"SDHC",0.017083481131206,0.843215041644523,0.867,0.778,1,"SDHC","NS"
"AXL",0.0174823979592859,0.35833341087437,0.133,0.428,1,"AXL","NS"
"IRF9",0.0174903768325575,0.679013745950727,0.8,0.912,1,"IRF9","NS"
"RSPRY1",0.0174985200490455,0.435290464516145,0.333,0.619,1,"RSPRY1","NS"
"ADPRHL2",0.0175334772245874,0.877568386630229,0.533,0.655,1,"ADPRHL2","NS"
"CXCL14",0.0178472635498458,1.41036805758681,0.133,0.402,1,"CXCL14","NS"
"GRAMD2",0.0181426344979238,0.299842186787454,0.4,0.691,1,"GRAMD2","NS"
"SLC25A4",0.0181449964664806,0.492873257830742,0.533,0.722,1,"SLC25A4","NS"
"GLT8D1",0.0183791694639385,0.328760715554392,0.133,0.407,1,"GLT8D1","NS"
"PPP1R9A",0.0184136581798625,0.742588274051498,0.533,0.655,1,"PPP1R9A","NS"
"SECTM1",0.0184423152352397,0.919707110000572,0.467,0.619,1,"SECTM1","NS"
"TACC2",0.0188190740369195,0.253861868400121,0.067,0.392,1,"TACC2","NS"
"HLA-DMA",0.0190168302367161,0.618479733659377,0.933,0.902,1,"HLA-DMA","NS"
"NR2F2",0.0190757958492427,0.371129794286436,0.467,0.675,1,"NR2F2","NS"
"DEGS1",0.0191833276844698,0.658240931970451,0.733,0.809,1,"DEGS1","NS"
"LAPTM4A",0.0193081018553628,0.59752210623273,1,0.871,1,"LAPTM4A","NS"
"ZNF608",0.0193186777595902,0.303605894342991,0.067,0.351,1,"ZNF608","NS"
"EHF",0.0195156195006659,0.510390244651924,0.933,0.943,1,"EHF","NS"
"SLC25A24",0.0196469524845287,0.291118053775301,0.467,0.68,1,"SLC25A24","NS"
"ZFAND2B",0.0197505995382562,0.37760420205998,0.267,0.639,1,"ZFAND2B","NS"
"PNKD",0.0198759554344693,0.475726412472366,1,0.974,1,"PNKD","NS"
"GALNT11",0.0200201176119951,0.4573082679236,0.467,0.789,1,"GALNT11","NS"
"SRSF11",0.0201125113621913,0.456214961576797,1,0.979,1,"SRSF11","NS"
"PGS1",0.0201295456537916,0.509219137328138,0.2,0.464,1,"PGS1","NS"
"ATP6AP1",0.0201772975642496,0.649255053789205,0.933,0.902,1,"ATP6AP1","NS"
"SULT1A2",0.0202812716992845,0.622964398450212,0.4,0.644,1,"SULT1A2","NS"
"LSR",0.0205917507414943,0.641624728965196,1,0.974,1,"LSR","NS"
"ANXA3",0.0207700163086454,0.720519802568588,0.6,0.758,1,"ANXA3","NS"
"FAHD2B",0.0210215198817949,0.423334267478484,0.133,0.443,1,"FAHD2B","NS"
"ARL5A",0.0214524668361145,0.432471608509404,0.467,0.613,1,"ARL5A","NS"
"GOLPH3",0.0215642883588867,0.276115810443136,0.533,0.737,1,"GOLPH3","NS"
"PQLC3",0.0216156112583836,0.300245591222523,0.067,0.356,1,"PQLC3","NS"
"YIPF3",0.0222829651205632,0.54523581847403,0.933,0.897,1,"YIPF3","NS"
"TSC22D1",0.0222933832182226,0.474632135079138,0.667,0.753,1,"TSC22D1","NS"
"ALDH1A1",0.0223642880652763,0.733057824514977,0.6,0.82,1,"ALDH1A1","NS"
"ZNFX1",0.0224151929242916,0.272043212806398,0.6,0.794,1,"ZNFX1","NS"
"TRADD",0.0225266159424257,0.505058295805655,0.533,0.784,1,"TRADD","NS"
"TP53I11",0.0225617100396973,0.576605175844722,0.8,0.918,1,"TP53I11","NS"
"FAM89B",0.0228481492778814,0.432238265372502,0.533,0.665,1,"FAM89B","NS"
"MIR22HG",0.0228551771513128,0.501212244564872,0.533,0.711,1,"MIR22HG","NS"
"SCP2",0.0229602896496421,0.486345293178389,0.933,0.856,1,"SCP2","NS"
"CHST11",0.0229664586590945,0.259251914034228,0,0.268,1,"CHST11","NS"
"VEGFA",0.0232086214209717,0.582599453390152,0.733,0.866,1,"VEGFA","NS"
"BMPR2",0.0232891267623659,0.297730749108213,0.333,0.66,1,"BMPR2","NS"
"SFTPD",0.0234678793550224,1.15439436746474,0.933,0.892,1,"SFTPD","NS"
"NFE2L2",0.0235357318781923,0.551578099834265,0.933,0.943,1,"NFE2L2","NS"
"ECHS1",0.0235793487379005,0.436306647722686,0.6,0.804,1,"ECHS1","NS"
"PHACTR2",0.0237787600731275,0.579199059448959,0.733,0.82,1,"PHACTR2","NS"
"SFXN4",0.0238103854476544,0.287654230156593,0.067,0.335,1,"SFXN4","NS"
"KRT18",0.0239594104206327,0.434599195387607,1,0.974,1,"KRT18","NS"
"HLA-DMB",0.0243655761308154,0.803016698527491,0.533,0.727,1,"HLA-DMB","NS"
"SLC25A3",0.0244973377049658,0.517062175099992,0.867,0.938,1,"SLC25A3","NS"
"ORAI1",0.0245763457258155,0.515508777908611,0.267,0.5,1,"ORAI1","NS"
"GNL1",0.0247072883051467,0.591888016529065,0.467,0.649,1,"GNL1","NS"
"FAM3A",0.0247555163616028,0.356269309055881,0.6,0.737,1,"FAM3A","NS"
"CAB39",0.0247782518920498,0.2845836287612,0.333,0.577,1,"CAB39","NS"
"ELMSAN1",0.024885259387697,0.376588795641826,0.267,0.521,1,"ELMSAN1","NS"
"IFT57",0.025087414814301,0.509696946268749,1,0.974,1,"IFT57","NS"
"ANXA7",0.0250966843962852,0.44339279545583,0.667,0.768,1,"ANXA7","NS"
"ARIH1",0.0257167002168367,0.334057836970617,0.4,0.67,1,"ARIH1","NS"
"MARC1",0.0259279840151441,0.518177523741235,0.6,0.737,1,"MARC1","NS"
"ZNF165",0.0261394660289838,0.446530458336447,0.267,0.5,1,"ZNF165","NS"
"SPTSSA",0.0262674028793054,0.559126758935589,0.933,0.871,1,"SPTSSA","NS"
"BAIAP2",0.0262754242242543,0.505743610154317,0.4,0.619,1,"BAIAP2","NS"
"POLR2E",0.0263612810112441,0.505216870821682,0.867,0.861,1,"POLR2E","NS"
"PCF11",0.026445039594141,0.628630408783463,0.867,0.82,1,"PCF11","NS"
"EIF4A3",0.0267640916133519,0.772670557659766,0.867,0.784,1,"EIF4A3","NS"
"FBXL12",0.0276629767067269,0.281082324351158,0.133,0.428,1,"FBXL12","NS"
"DAZAP2",0.0277109701055118,0.455732630287995,0.733,0.835,1,"DAZAP2","NS"
"FAM20A",0.0277611416006127,0.511268256146509,0.4,0.603,1,"FAM20A","NS"
"PLEKHB1",0.0278322527528483,0.617167290197303,0.333,0.598,1,"PLEKHB1","NS"
"CNPPD1",0.027898364748556,0.361802955175821,0.4,0.716,1,"CNPPD1","NS"
"METTL7A",0.0291314053219025,0.362988213525531,0.4,0.686,1,"METTL7A","NS"
"UBE2G1",0.0292860770117263,0.307945963629894,0.2,0.423,1,"UBE2G1","NS"
"SYTL3",0.0293487101793879,0.429797653061105,0.267,0.505,1,"SYTL3","NS"
"RAB5A",0.0302003889386313,0.31485635915572,0.4,0.577,1,"RAB5A","NS"
"HLA-F",0.0302188823271787,0.709915982942839,0.8,0.753,1,"HLA-F","NS"
"SH2D3A",0.0303837895128668,0.328177063009899,0.2,0.49,1,"SH2D3A","NS"
"ANXA2",0.0304101037828829,0.569080866802898,1,0.99,1,"ANXA2","NS"
"CNN2",0.0305505843582294,0.442133065058405,0.667,0.825,1,"CNN2","NS"
"PDPN",0.0305557821110316,0.292204463067537,0.133,0.433,1,"PDPN","NS"
"FAAP20",0.0305928565941854,0.415297281835584,0.667,0.778,1,"FAAP20","NS"
"FOXP1",0.0306789280070635,0.378536105417891,0.667,0.82,1,"FOXP1","NS"
"SRSF3",0.0307482877828052,0.486455207190474,1,0.964,1,"SRSF3","NS"
"APEX1",0.0308217445597562,0.567288976639285,0.933,0.845,1,"APEX1","NS"
"CDCP1",0.0308940865365928,0.324698013484187,0.133,0.376,1,"CDCP1","NS"
"MDM2",0.0309829345242711,0.268128839788035,0.333,0.655,1,"MDM2","NS"
"GLCCI1",0.031298786033327,0.331313219848335,0.6,0.902,1,"GLCCI1","NS"
"HSP90AB1",0.0314436445726465,0.389067349796981,1,1,1,"HSP90AB1","NS"
"ZBTB20",0.0317926425609688,0.482099179964501,0.467,0.67,1,"ZBTB20","NS"
"RNH1",0.032320503607817,0.530948048617682,0.867,0.871,1,"RNH1","NS"
"RAD23A",0.0328873829625805,0.418837390365374,0.867,0.84,1,"RAD23A","NS"
"CACUL1",0.033011539294839,0.390123250922692,0.333,0.588,1,"CACUL1","NS"
"PDSS2",0.0330520346532954,0.274624148118663,0.067,0.32,1,"PDSS2","NS"
"HLA-DRB5",0.0338012771639835,0.450924138099993,0.867,0.876,1,"HLA-DRB5","NS"
"HIPK2",0.0338649763668489,0.558810191466772,0.6,0.711,1,"HIPK2","NS"
"UROD",0.0339202917988234,0.613392944990595,0.6,0.732,1,"UROD","NS"
"ELOF1",0.0339351136032373,0.449632659702373,0.467,0.634,1,"ELOF1","NS"
"SLCO3A1",0.0340881383262725,0.534959511832339,0.4,0.593,1,"SLCO3A1","NS"
"RHEB",0.0341544423769628,0.366401931491909,0.933,0.866,1,"RHEB","NS"
"ZNF708",0.034308147174011,0.319184868447524,0.2,0.454,1,"ZNF708","NS"
"RSRP1",0.0343149265488957,0.761504171281634,0.867,0.933,1,"RSRP1","NS"
"DCAF11",0.0343165666973085,0.40491856041476,0.4,0.634,1,"DCAF11","NS"
"BTG1",0.0343265160995291,0.459270399162088,0.867,0.943,1,"BTG1","NS"
"C1R",0.0346972522857219,0.595079351813069,0.4,0.629,1,"C1R","NS"
"FAM63B",0.0352312478236564,0.303527204800317,0.333,0.619,1,"FAM63B","NS"
"TMEM259",0.0357366824492042,0.382851711744012,0.667,0.778,1,"TMEM259","NS"
"LRRC61",0.0358953429506207,0.492175559481337,0.133,0.366,1,"LRRC61","NS"
"DPM1",0.0363389003224447,0.444446614665492,0.6,0.686,1,"DPM1","NS"
"CTBS",0.0364581310689967,0.270740028821923,0.2,0.433,1,"CTBS","NS"
"SEPP1",0.0364613265177465,0.357984238932015,0.733,0.82,1,"SEPP1","NS"
"SMU1",0.0366116314898288,0.546100783775347,0.6,0.655,1,"SMU1","NS"
"DUSP14",0.0366479466960945,0.583513323981672,0.267,0.464,1,"DUSP14","NS"
"ARF6",0.0369927528515161,0.826590812246233,0.867,0.825,1,"ARF6","NS"
"SRSF5",0.0370462104306628,0.425602024292338,0.867,0.938,1,"SRSF5","NS"
"HNRNPA1",0.0370518696062655,0.513832605623724,1,0.933,1,"HNRNPA1","NS"
"SLC25A11",0.0370867614163912,0.411872881286373,0.4,0.619,1,"SLC25A11","NS"
"RBBP5",0.0372385251777713,0.480933338420819,0.6,0.722,1,"RBBP5","NS"
"LMAN2",0.037509524838819,0.624665392798669,0.8,0.845,1,"LMAN2","NS"
"RBM42",0.0377444812226875,0.37740359499609,0.8,0.768,1,"RBM42","NS"
"WWC2",0.0377630522672351,0.271621144702404,0.4,0.742,1,"WWC2","NS"
"IGFBP7",0.0378558351969737,0.999997016362211,0.533,0.727,1,"IGFBP7","NS"
"BRD2",0.0378843481806067,0.523248908936294,1,0.969,1,"BRD2","NS"
"ERI3",0.038755008950578,0.367692027577554,0.667,0.686,1,"ERI3","NS"
"PITHD1",0.0389665005655847,0.483354526832585,0.667,0.763,1,"PITHD1","NS"
"TDP2",0.0391645337034748,0.355510515577201,0.467,0.603,1,"TDP2","NS"
"CD44",0.0395268446284837,0.534084801177491,0.467,0.691,1,"CD44","NS"
"UBE2I",0.0395639071053785,0.544684894896594,0.8,0.778,1,"UBE2I","NS"
"ANPEP",0.0398895198598944,0.438073398434441,0.267,0.474,1,"ANPEP","NS"
"IFIT2",0.0399447699315002,0.591745339667128,0.267,0.572,1,"IFIT2","NS"
"FKBP14",0.0400734571500416,0.355944996848543,0.4,0.613,1,"FKBP14","NS"
"CRYZ",0.0403952187784299,0.255805020415422,0.2,0.495,1,"CRYZ","NS"
"FLRT3",0.040419007347731,0.500626637567777,0.6,0.778,1,"FLRT3","NS"
"DBNDD1",0.040792455508562,0.296197180741897,0.067,0.299,1,"DBNDD1","NS"
"RBMS1",0.0412515781486105,0.397309200323953,0.8,0.835,1,"RBMS1","NS"
"MTA3",0.0412796198324484,0.283821676486083,0.2,0.474,1,"MTA3","NS"
"PER2",0.0412838898595654,0.405685865405348,0.667,0.804,1,"PER2","NS"
"HDAC1",0.0413117048244042,0.311141748765505,0.467,0.742,1,"HDAC1","NS"
"PDK2",0.0419051307938477,0.452477122991524,0.4,0.619,1,"PDK2","NS"
"DDX5",0.0428526915975857,0.48118801739792,0.933,0.974,1,"DDX5","NS"
"HNRNPK",0.043082982388587,0.466896737170404,1,0.99,1,"HNRNPK","NS"
"LRRC25",0.0433786946420343,0.431358244363429,0,0.222,1,"LRRC25","NS"
"RPS6KB2",0.0437110560624457,0.270827939043825,0.333,0.5,1,"RPS6KB2","NS"
"GCAT",0.0437110560624457,0.581772236369929,0.333,0.5,1,"GCAT","NS"
"STUB1",0.0437839529788526,0.441410993768495,0.533,0.716,1,"STUB1","NS"
"LINC-PINT",0.0438649040802569,0.476847760459181,0.467,0.588,1,"LINC-PINT","NS"
"PDXDC2P",0.0439491688552727,0.394258871237462,0.533,0.675,1,"PDXDC2P","NS"
"CDKN2B",0.0440587163055394,0.312379678977054,0.467,0.706,1,"CDKN2B","NS"
"NUDT9",0.0441970682226853,0.674043859299905,0.8,0.773,1,"NUDT9","NS"
"PDZD2",0.0444993265074464,0.38843412948066,0.267,0.5,1,"PDZD2","NS"
"TBCC",0.044562285646474,0.342829664881464,0.333,0.562,1,"TBCC","NS"
"ZNF644",0.0445887556296524,0.443892004327946,0.733,0.773,1,"ZNF644","NS"
"RBBP6",0.0446599769590786,0.387875621942331,0.933,0.923,1,"RBBP6","NS"
"TUBA1C",0.0446757654529331,0.607217286255948,0.933,0.933,1,"TUBA1C","NS"
"PSMC6",0.0451300166573785,0.434912787559904,0.667,0.732,1,"PSMC6","NS"
"GNAI2",0.0453242191884624,0.356648171417804,0.533,0.68,1,"GNAI2","NS"
"SNX3",0.0456389395470254,0.452705409813382,0.867,0.866,1,"SNX3","NS"
"ZDHHC16",0.0456574756320441,0.548021947111081,0.4,0.562,1,"ZDHHC16","NS"
"NOLC1",0.0457242293237559,0.494402570366479,0.6,0.722,1,"NOLC1","NS"
"BRD3",0.0459401150322787,0.355786776342867,0.4,0.68,1,"BRD3","NS"
"FUS",0.0462881976949339,0.468748983746786,1,0.897,1,"FUS","NS"
"MYLIP",0.046343494782175,0.518354469828395,0.867,0.933,1,"MYLIP","NS"
"TTC39C",0.0467449528385096,0.276653285372627,0.267,0.552,1,"TTC39C","NS"
"OCIAD1",0.0467517453933176,0.342814092503794,0.8,0.825,1,"OCIAD1","NS"
"DNAJA2",0.0469739843716129,0.389214621984756,0.667,0.691,1,"DNAJA2","NS"
"MCRS1",0.0470490454719379,0.322980593028007,0.133,0.351,1,"MCRS1","NS"
"ALG1",0.0475080366142363,0.352873447498329,0.2,0.418,1,"ALG1","NS"
"PRDM2",0.0475336137614649,0.315773360436467,0.533,0.763,1,"PRDM2","NS"
"WDR34",0.0476776116820829,0.439940629222386,0.533,0.716,1,"WDR34","NS"
"MLF1",0.0476776116820829,0.478309376930718,0.533,0.716,1,"MLF1","NS"
"ARSA",0.0481507034828111,0.458688124128177,0.467,0.655,1,"ARSA","NS"
"DNASE2",0.0482383043756427,0.794917306127678,0.8,0.753,1,"DNASE2","NS"
"ARL4D",0.0483188527678385,0.82045238424304,0.6,0.675,1,"ARL4D","NS"
"C14orf142",0.048382877483577,0.346157260491771,0.267,0.505,1,"C14orf142","NS"
"OAZ2",0.048543591130975,0.514723711152698,0.667,0.753,1,"OAZ2","NS"
"ATL2",0.0495838520345656,0.396004779685023,0.467,0.629,1,"ATL2","NS"
"EHD1",0.049776423959077,0.674495429483152,0.933,0.814,1,"EHD1","NS"
"VIMP",0.0500576563568109,0.499261704156143,0.6,0.784,1,"VIMP","NS"
"PMVK",0.0511219710445198,0.605727982714279,0.867,0.856,1,"PMVK","NS"
"CDH1",0.0514619915268181,0.411774372527885,1,0.964,1,"CDH1","NS"
"CUEDC2",0.0516186749795688,0.469295919045446,0.267,0.469,1,"CUEDC2","NS"
"BRMS1",0.0519923410919987,0.543843248796154,0.667,0.742,1,"BRMS1","NS"
"CPNE8",0.0519971398588907,0.323422905277732,0.333,0.613,1,"CPNE8","NS"
"UBB",0.0519991751047276,0.292107574490381,1,0.99,1,"UBB","NS"
"PRSS8",0.0520726969764499,0.615436675121461,0.867,0.84,1,"PRSS8","NS"
"CCND3",0.0523350818758013,0.494576958616467,0.733,0.892,1,"CCND3","NS"
"GRB7",0.0524185335021783,0.310652140809715,0.133,0.412,1,"GRB7","NS"
"KCNK15",0.0525686778341014,0.449248443096299,0.533,0.68,1,"KCNK15","NS"
"CRK",0.0529256652989701,0.409793384959662,0.533,0.758,1,"CRK","NS"
"SDCBP",0.0529754591026372,0.351111882937774,0.533,0.737,1,"SDCBP","NS"
"MRPL38",0.0530109744450914,0.358702491699264,0.533,0.644,1,"MRPL38","NS"
"ARL4C",0.0531834634624548,0.281277297262725,0.4,0.716,1,"ARL4C","NS"
"TMEM140",0.0532063305560438,0.347317540690209,0,0.206,1,"TMEM140","NS"
"SYVN1",0.0535295262505811,0.282093880085336,0.733,0.758,1,"SYVN1","NS"
"TMEM53",0.0544152217132242,0.270244286144946,0.067,0.289,1,"TMEM53","NS"
"P4HTM",0.0544626358907353,0.511393955444994,0.267,0.448,1,"P4HTM","NS"
"DYNC2LI1",0.0546779720570754,0.300166736369553,0.133,0.361,1,"DYNC2LI1","NS"
"PIK3R3",0.0548371823812145,0.474861814466963,0.667,0.789,1,"PIK3R3","NS"
"ARFGEF2",0.0548532349195972,0.25245514042006,0.4,0.619,1,"ARFGEF2","NS"
"RAB31",0.0551816018723716,0.408500720202721,0.6,0.84,1,"RAB31","NS"
"LPCAT3",0.0551932052439641,0.410350388963461,0.6,0.742,1,"LPCAT3","NS"
"RIN2",0.0554612783734842,0.588424459651913,0.8,0.856,1,"RIN2","NS"
"EMP2",0.0558604043731565,0.370850744076055,0.933,0.99,1,"EMP2","NS"
"TMEM209",0.0559937309007394,0.336082560031643,0.533,0.624,1,"TMEM209","NS"
"ACADVL",0.056883879673289,0.444555723596634,0.6,0.701,1,"ACADVL","NS"
"APOE",0.0569104072740022,0.282335746729126,0,0.201,1,"APOE","NS"
"ABHD11",0.0569249143781212,0.563402633678895,0.533,0.655,1,"ABHD11","NS"
"CSNK2B",0.0571083329034452,0.649060766218144,0.933,0.881,1,"CSNK2B","NS"
"LGALS9",0.0573862951808747,0.260731992925052,0.267,0.464,1,"LGALS9","NS"
"PBXIP1",0.0577107908016976,0.617412061739778,0.8,0.778,1,"PBXIP1","NS"
"EIF2AK2",0.0577229885131512,0.467357988641022,0.533,0.784,1,"EIF2AK2","NS"
"NR1H2",0.0580888358883411,0.439213631365243,0.4,0.572,1,"NR1H2","NS"
"BCKDK",0.058626286572067,0.713965450339301,0.533,0.557,1,"BCKDK","NS"
"GCDH",0.0588430026132087,0.447195388139527,0.2,0.407,1,"GCDH","NS"
"RIPK1",0.0590261957976265,0.407294836254273,0.533,0.608,1,"RIPK1","NS"
"HSD11B2",0.0594173940930371,0.286720992017075,0.067,0.278,1,"HSD11B2","NS"
"PPFIBP1",0.0594575733303441,0.474281479335447,0.4,0.582,1,"PPFIBP1","NS"
"ALDH6A1",0.0595929913517847,0.40160583631019,0.667,0.737,1,"ALDH6A1","NS"
"CDC37",0.0596655950578291,0.574019311939678,0.8,0.789,1,"CDC37","NS"
"TSPYL1",0.0598837422160036,0.551455351692078,0.867,0.778,1,"TSPYL1","NS"
"KRT19",0.0599580607372861,0.420677625120035,1,0.99,1,"KRT19","NS"
"TM2D1",0.0610943855583689,0.342732377512441,0.6,0.629,1,"TM2D1","NS"
"SERINC5",0.0618262688207055,0.365129270878494,0.467,0.546,1,"SERINC5","NS"
"AAMP",0.0619672942429725,0.58467233860337,0.867,0.794,1,"AAMP","NS"
"XBP1",0.0622351720896675,0.490041765053144,0.867,0.892,1,"XBP1","NS"
"SNAP23",0.0625184138672792,0.427529201593097,0.533,0.649,1,"SNAP23","NS"
"CTSS",0.0627186494847695,0.455599148550107,0.867,0.866,1,"CTSS","NS"
"PTP4A1",0.0630597660586709,0.422667324317082,0.733,0.794,1,"PTP4A1","NS"
"HGS",0.0632420786329861,0.459247954841599,0.467,0.572,1,"HGS","NS"
"BAMBI",0.0634202106870161,0.46886069459571,0.4,0.598,1,"BAMBI","NS"
"JDP2",0.0635751250444725,0.553376042410591,0.667,0.686,1,"JDP2","NS"
"PDIA3",0.0636640224310454,0.368705465080452,1,0.974,1,"PDIA3","NS"
"GLTSCR2",0.063693718642953,0.584846644800316,0.867,0.784,1,"GLTSCR2","NS"
"NME7",0.063739829246196,0.263341897584804,0.133,0.351,1,"NME7","NS"
"CEP170",0.063803485924747,0.27979454786218,0.333,0.557,1,"CEP170","NS"
"DPP7",0.0638069634376745,0.414647156545379,0.6,0.644,1,"DPP7","NS"
"ECSIT",0.0640082671466063,0.380692296357725,0.2,0.381,1,"ECSIT","NS"
"AP4M1",0.0642801591464935,0.375043561088137,0.2,0.387,1,"AP4M1","NS"
"ACTN4",0.0649108794273385,0.404408626781233,1,0.933,1,"ACTN4","NS"
"ING5",0.0653288879489081,0.264857726668465,0.133,0.361,1,"ING5","NS"
"GTF2B",0.0654469599196898,0.316127796499024,0.4,0.613,1,"GTF2B","NS"
"PIGQ",0.066651478079198,0.353582764784292,0.2,0.407,1,"PIGQ","NS"
"FLOT1",0.0667602578982888,0.408005599561715,0.933,0.897,1,"FLOT1","NS"
"GNL2",0.0667737992729541,0.421961275146169,0.467,0.675,1,"GNL2","NS"
"UBE2H",0.0670689858703771,0.540780918929036,0.867,0.845,1,"UBE2H","NS"
"JOSD2",0.0679853539896766,1.01063050782507,0.267,0.423,1,"JOSD2","NS"
"GCNT2",0.0684590585714644,0.426956235250812,0.667,0.773,1,"GCNT2","NS"
"S100A14",0.0689064747033292,0.731896172948451,0.933,0.861,1,"S100A14","NS"
"RHBDD2",0.0698075034594997,0.501226660187289,0.867,0.851,1,"RHBDD2","NS"
"FAM53B",0.0698670466098482,0.321106516562329,0.067,0.263,1,"FAM53B","NS"
"ABHD5",0.0702176755342156,0.264900594679186,0.4,0.629,1,"ABHD5","NS"
"CLN5",0.071024848463876,0.296772083012503,0.333,0.552,1,"CLN5","NS"
"ALDH2",0.0719840216882018,0.420964445187612,0.933,0.954,1,"ALDH2","NS"
"DUSP1",0.0723299294931805,0.706297558872517,0.933,0.948,1,"DUSP1","NS"
"KLF6",0.072536569677051,0.477868663122774,0.933,0.892,1,"KLF6","NS"
"TFG",0.0734534721340616,0.417039593492888,0.533,0.649,1,"TFG","NS"
"RBM10",0.0739670287316353,0.326755656795518,0.2,0.418,1,"RBM10","NS"
"NINJ1",0.0741845747139119,0.52600161808007,0.467,0.577,1,"NINJ1","NS"
"GBAP1",0.0742300371729063,0.300452567141824,0,0.18,1,"GBAP1","NS"
"ABHD3",0.0745108212084904,0.350000169351895,0.533,0.567,1,"ABHD3","NS"
"C1orf43",0.0747794830404776,0.429848087986938,0.867,0.856,1,"C1orf43","NS"
"CCNDBP1",0.0750033583521488,0.476387550551749,0.467,0.588,1,"CCNDBP1","NS"
"RPL4",0.075204794169959,0.327967466565425,1,0.964,1,"RPL4","NS"
"CBFA2T2",0.0752492322738579,0.294322374105067,0.333,0.557,1,"CBFA2T2","NS"
"MMP17",0.0752898617600686,0.322959516274344,0.067,0.258,1,"MMP17","NS"
"NUDC",0.0754809100754325,0.456937129313843,0.933,0.912,1,"NUDC","NS"
"KAT5",0.0756624396350649,0.384433306948195,0.133,0.33,1,"KAT5","NS"
"PREPL",0.0761129543143921,0.307004869876323,0.467,0.582,1,"PREPL","NS"
"RAB6A",0.0762134684244071,0.297166768218881,0.733,0.804,1,"RAB6A","NS"
"MBIP",0.0765250376529736,0.307375908770369,0.867,0.902,1,"MBIP","NS"
"DAPK2",0.0768258112485526,0.623556206946437,0.533,0.619,1,"DAPK2","NS"
"HOXD1",0.0774582029117896,0.487577447259204,0.467,0.66,1,"HOXD1","NS"
"PLA2G10",0.0779273644932288,0.379657168727057,0.6,0.691,1,"PLA2G10","NS"
"NUP37",0.0779777826162146,0.383228180980792,0.267,0.428,1,"NUP37","NS"
"MVP",0.0780956583843755,0.628426621230985,0.8,0.861,1,"MVP","NS"
"GAS6",0.0782388725932689,0.467846894950789,0.667,0.763,1,"GAS6","NS"
"AP5S1",0.0783564721621522,0.2962304310434,0.133,0.33,1,"AP5S1","NS"
"ATOH8",0.0783692318169329,0.357402112251823,0.067,0.263,1,"ATOH8","NS"
"SARAF",0.0787272067207833,0.423761771905904,0.6,0.758,1,"SARAF","NS"
"STAT3",0.0787621819859856,0.454103511582036,0.867,0.902,1,"STAT3","NS"
"MBOAT1",0.0792460293213963,0.619753657978879,0.8,0.747,1,"MBOAT1","NS"
"ECI1",0.0792703296740456,0.322373450378446,0.667,0.876,1,"ECI1","NS"
"NDUFS2",0.0796286660455703,0.632057479700983,0.733,0.753,1,"NDUFS2","NS"
"NCKAP5",0.0799896267792034,0.341481831715084,0.267,0.546,1,"NCKAP5","NS"
"NIF3L1",0.080089931749953,0.294286516654946,0.2,0.433,1,"NIF3L1","NS"
"RILP",0.0806752548174601,0.280763721412481,0.2,0.392,1,"RILP","NS"
"PRKRA",0.0813152416095206,0.283985985268654,0.4,0.526,1,"PRKRA","NS"
"RCC1",0.0823646439040843,0.49604289634737,0.6,0.686,1,"RCC1","NS"
"WAPL",0.0828597164274578,0.324151496927252,0.467,0.598,1,"WAPL","NS"
"ZSCAN31",0.0829930765271556,0.434937585693919,0.467,0.634,1,"ZSCAN31","NS"
"HM13",0.0830960798399454,0.525079034318039,1,0.845,1,"HM13","NS"
"GRN",0.0835154683151761,0.432785391818023,0.933,0.938,1,"GRN","NS"
"B3GAT3",0.0838107091977639,0.341190382087655,0.4,0.526,1,"B3GAT3","NS"
"GSTK1",0.0843499384119368,0.390160757076924,0.867,0.825,1,"GSTK1","NS"
"SULT1A1",0.0844395191918572,0.406328340497072,0.533,0.675,1,"SULT1A1","NS"
"ZBTB16",0.0846139147430789,0.338302672099454,0,0.17,1,"ZBTB16","NS"
"IL6",0.0846139147430789,0.378482286577916,0,0.17,1,"IL6","NS"
"ASXL1",0.0849034223147876,0.280870220620541,0.4,0.608,1,"ASXL1","NS"
"NAPA",0.0850014066198002,0.472332392358457,0.8,0.742,1,"NAPA","NS"
"TAF8",0.0856699644288804,0.320448578228775,0.4,0.577,1,"TAF8","NS"
"USP54",0.0857511754665925,0.400709469617931,0.4,0.603,1,"USP54","NS"
"MPDU1",0.0860113983344773,0.291317792300103,0.333,0.5,1,"MPDU1","NS"
"RBMS3",0.086257469436047,0.279750124193506,0.333,0.562,1,"RBMS3","NS"
"ZKSCAN1",0.0863663101768612,0.579308356433587,0.667,0.758,1,"ZKSCAN1","NS"
"SF3B4",0.0864601381219234,0.351585979154628,0.8,0.711,1,"SF3B4","NS"
"RELL1",0.0865029933246469,0.266204682025128,0.2,0.402,1,"RELL1","NS"
"UNC50",0.0865152293964974,1.84122059378182,0.6,0.603,1,"UNC50","NS"
"MCOLN1",0.0865482448738395,0.305314675642917,0.133,0.314,1,"MCOLN1","NS"
"LOC101928093",0.0865511168017679,0.250282202230373,0.067,0.284,1,"LOC101928093","NS"
"ATG4B",0.0870702882065606,0.410454505598219,0.533,0.696,1,"ATG4B","NS"
"PPHLN1",0.0873127605822719,0.314590963482403,0.4,0.624,1,"PPHLN1","NS"
"ID3",0.0876017895015342,0.609353763877856,0.867,0.742,1,"ID3","NS"
"INPP5B",0.0878503422107664,0.313549998610147,0.2,0.418,1,"INPP5B","NS"
"ZNF362",0.0878944764540088,0.27887085628861,0.6,0.665,1,"ZNF362","NS"
"SLC39A1",0.0881570997934313,0.735443396940134,0.8,0.691,1,"SLC39A1","NS"
"RSPH1",0.0883310597774381,0.572355638112736,0.267,0.113,1,"RSPH1","NS"
"METRN",0.088419914231844,0.550004070425643,0.6,0.644,1,"METRN","NS"
"PEX11A",0.0885837082019472,0.316514341976281,0.067,0.253,1,"PEX11A","NS"
"TPPP",0.0887154126573438,0.36865086596266,0.2,0.387,1,"TPPP","NS"
"MAGI1",0.0887306420935528,0.389732779667702,0.467,0.588,1,"MAGI1","NS"
"KIF5B",0.0895540591134181,0.391922338683549,0.933,0.845,1,"KIF5B","NS"
"STAT6",0.089879829021122,0.422833369752545,0.4,0.624,1,"STAT6","NS"
"GSTM1",0.0902511817232755,0.390950504964378,0.267,0.485,1,"GSTM1","NS"
"TERF2IP",0.0904839690987072,0.486146502560069,0.8,0.696,1,"TERF2IP","NS"
"TMEM165",0.0912467615841703,0.454946672655509,0.867,0.753,1,"TMEM165","NS"
"CDR2L",0.0917360647417826,0.424021466962824,0.4,0.577,1,"CDR2L","NS"
"VCP",0.0922241194965038,0.394519284230253,0.667,0.84,1,"VCP","NS"
"KANSL1",0.0924774830300369,0.273599747911336,0.467,0.665,1,"KANSL1","NS"
"DAPK1",0.0930241562076757,0.258055927167065,0.333,0.479,1,"DAPK1","NS"
"KAT8",0.0931916068858211,0.346471375088222,0.2,0.402,1,"KAT8","NS"
"HAT1",0.0934399596564032,0.390457009088276,0.4,0.567,1,"HAT1","NS"
"MMADHC",0.0939084327677678,0.320941339374616,0.8,0.778,1,"MMADHC","NS"
"CPM",0.0942376389431147,0.488230750233517,0.8,0.918,1,"CPM","NS"
"PEX10",0.0945313676137798,0.265282365293817,0.133,0.304,1,"PEX10","NS"
"C16orf70",0.0951068216777361,0.298965216682779,0.133,0.345,1,"C16orf70","NS"
"HERC3",0.0951250410541711,0.250918871565042,0.067,0.242,1,"HERC3","NS"
"ADCK4",0.0953795538901542,0.294094247660469,0.2,0.381,1,"ADCK4","NS"
"TMEM9",0.0955771106666211,0.492313313371207,0.933,0.845,1,"TMEM9","NS"
"ADIPOR1",0.0957611960300042,0.393909913952676,1,0.861,1,"ADIPOR1","NS"
"CPAMD8",0.0958651015133594,0.338940844529602,0.333,0.479,1,"CPAMD8","NS"
"FADS3",0.0962585318050299,0.624762301094681,0.533,0.598,1,"FADS3","NS"
"SLU7",0.0963213147358618,0.346264299640681,0.467,0.655,1,"SLU7","NS"
"DDX3X",0.0971813859142774,0.339477000558718,0.867,0.835,1,"DDX3X","NS"
"TMEM54",0.09771845311192,0.543582669783974,0.667,0.68,1,"TMEM54","NS"
"NSUN4",0.0978428883508126,0.422954354183064,0.333,0.521,1,"NSUN4","NS"
"ZNF296",0.098588759890169,0.515021039420039,0.333,0.485,1,"ZNF296","NS"
"ATP13A4",0.0986349099645588,0.531861906082797,0.867,0.902,1,"ATP13A4","NS"
"UBR2",0.0992631644205244,0.323281016696842,0.667,0.727,1,"UBR2","NS"
"IFIT1",0.100062438634644,0.521920197560231,0.6,0.809,1,"IFIT1","NS"
"SHANK2",0.100387689848663,0.297136147264034,0.533,0.634,1,"SHANK2","NS"
"LGALS8",0.100440859841985,0.454144263970124,0.867,0.809,1,"LGALS8","NS"
"HMCES",0.100565013878283,0.360793213393686,0.267,0.454,1,"HMCES","NS"
"NMRK1",0.102468960657246,0.313727247006432,0.2,0.376,1,"NMRK1","NS"
"TUBA4B",0.102765181601461,0.342403088721277,0,0.155,1,"TUBA4B","NS"
"GANC",0.103781316769047,0.274189801494491,0.267,0.485,1,"GANC","NS"
"ARHGDIA",0.104149227496715,0.273100819644348,0.467,0.546,1,"ARHGDIA","NS"
"MEAF6",0.104358248865586,0.267270352746697,0.733,0.747,1,"MEAF6","NS"
"RAB17",0.104852616328101,0.378909991703289,0.533,0.593,1,"RAB17","NS"
"VKORC1L1",0.105886285996437,0.439763127436052,0.867,0.871,1,"VKORC1L1","NS"
"AHCY",0.106000091571149,0.40674267682554,0.6,0.701,1,"AHCY","NS"
"NGRN",0.106187887565166,0.347225581327316,0.6,0.789,1,"NGRN","NS"
"MYO1B",0.10628087208636,0.332721848898994,0.667,0.809,1,"MYO1B","NS"
"SDHD",0.106433704447075,0.395721941517918,0.8,0.784,1,"SDHD","NS"
"HERPUD2",0.106473483012527,0.340451294840155,0.6,0.691,1,"HERPUD2","NS"
"SNX1",0.107069855827784,0.368415140602883,0.467,0.66,1,"SNX1","NS"
"TPPP3",0.107099711792963,1.43146726099031,0.133,0.351,1,"TPPP3","NS"
"IFI44",0.107189400854547,0.376131460947749,0.8,0.861,1,"IFI44","NS"
"EIF1",0.10722552440423,0.275829186810725,1,0.995,1,"EIF1","NS"
"DDX17",0.108062993468809,0.281574800064881,0.867,0.912,1,"DDX17","NS"
"ALKBH5",0.108930693612688,0.334583309211374,0.467,0.582,1,"ALKBH5","NS"
"PVRL2",0.10921146388018,0.335298342668362,0.467,0.546,1,"PVRL2","NS"
"PDLIM1",0.109828284713047,0.312022993612406,0.733,0.768,1,"PDLIM1","NS"
"PSMB5",0.10991851757247,0.327314477295528,0.867,0.892,1,"PSMB5","NS"
"ALPP",0.110319883912059,0.321944127374127,0.067,0.263,1,"ALPP","NS"
"GOLPH3L",0.110932657919223,0.317329527653657,0.467,0.593,1,"GOLPH3L","NS"
"RNF126",0.111414975422633,0.298816589071237,0.467,0.557,1,"RNF126","NS"
"COPS7A",0.112536733204922,0.52638966079264,0.267,0.412,1,"COPS7A","NS"
"WIF1",0.112715502459995,0.29693507915054,0.067,0.232,1,"WIF1","NS"
"MACROD1",0.112882455779383,0.320257617031921,0.4,0.51,1,"MACROD1","NS"
"RTN3",0.113081458192508,0.368546419273818,0.933,0.928,1,"RTN3","NS"
"CHPT1",0.113156838817257,0.261529827199354,0.333,0.454,1,"CHPT1","NS"
"HMOX2",0.113911457996871,0.430906264018543,0.6,0.722,1,"HMOX2","NS"
"PRR3",0.114827328010982,0.354671917697001,0.267,0.459,1,"PRR3","NS"
"HSH2D",0.114923869620628,0.588973325043694,0.4,0.546,1,"HSH2D","NS"
"CPNE2",0.11515618544595,0.412258575291946,0.467,0.562,1,"CPNE2","NS"
"GPN3",0.115498213045297,0.31093729108251,0.4,0.495,1,"GPN3","NS"
"CPSF3L",0.115704742627062,0.568941954627052,0.6,0.613,1,"CPSF3L","NS"
"SERPINB6",0.115950657007121,0.374816749391105,0.667,0.742,1,"SERPINB6","NS"
"TAGLN",0.116845932367612,0.352151702035183,0,0.144,1,"TAGLN","NS"
"SFTA3",0.117120392948583,0.348655952117275,0.867,0.918,1,"SFTA3","NS"
"UNC93B1",0.117611942958797,0.467339145606999,0.6,0.711,1,"UNC93B1","NS"
"CXCL16",0.117858039146008,0.415238750352754,0.8,0.83,1,"CXCL16","NS"
"UMPS",0.11828215274392,0.314587062550211,0.2,0.371,1,"UMPS","NS"
"USP39",0.118372685962748,0.310960517406024,0.467,0.66,1,"USP39","NS"
"CADM1",0.118881016445283,0.514417291755065,0.867,0.866,1,"CADM1","NS"
"MARC2",0.120012458568309,0.339611475516676,0.467,0.588,1,"MARC2","NS"
"LRCH4",0.120384111612524,0.360542161994804,0.333,0.438,1,"LRCH4","NS"
"MFSD4",0.120662347991712,0.287516264055115,0.533,0.665,1,"MFSD4","NS"
"HNRNPH3",0.120765608791322,0.253512288969095,0.333,0.505,1,"HNRNPH3","NS"
"PPP2CA",0.121225857218641,0.312316259584087,0.667,0.758,1,"PPP2CA","NS"
"RPL3",0.121441046509982,0.354510856093955,1,0.985,1,"RPL3","NS"
"TMC5",0.121441046509982,0.494194043670605,0.933,0.99,1,"TMC5","NS"
"SIPA1L3",0.121755278015707,0.273015903033882,0.333,0.428,1,"SIPA1L3","NS"
"SRRM2",0.122503976127758,0.484119219227486,0.933,0.969,1,"SRRM2","NS"
"KIAA1217",0.122622041606605,0.259822236445261,0.667,0.66,1,"KIAA1217","NS"
"MGRN1",0.122691802040242,0.465301393772225,0.333,0.51,1,"MGRN1","NS"
"KIF1C",0.122842588137593,0.285429148137955,0.467,0.562,1,"KIF1C","NS"
"PRPF3",0.123221177209201,0.403334626549644,0.4,0.521,1,"PRPF3","NS"
"TAZ",0.123410012861517,0.54450693286411,0.4,0.495,1,"TAZ","NS"
"GAS8",0.124379705107037,0.294422235892224,0.067,0.242,1,"GAS8","NS"
"RPUSD3",0.124912664592775,0.388970982033052,0.267,0.407,1,"RPUSD3","NS"
"IFIT3",0.125054167216421,0.596233134010057,0.533,0.665,1,"IFIT3","NS"
"MECOM",0.1256366493612,0.276521522214834,0.8,0.789,1,"MECOM","NS"
"COMMD9",0.126046103399915,0.31394186277395,0.533,0.639,1,"COMMD9","NS"
"CCDC117",0.126560351094279,0.310046758802579,0.333,0.505,1,"CCDC117","NS"
"RETSAT",0.12658610868108,0.293339767236288,0.267,0.433,1,"RETSAT","NS"
"ISYNA1",0.127071948135566,0.595204270433001,0.467,0.531,1,"ISYNA1","NS"
"BAZ2B",0.127072798888442,0.442063061413147,0.867,0.83,1,"BAZ2B","NS"
"TNFRSF14",0.127760309857548,0.411904159273642,0.467,0.598,1,"TNFRSF14","NS"
"C1QBP",0.128252022918152,0.306883469102057,0.533,0.598,1,"C1QBP","NS"
"DYNC1H1",0.128357159086919,0.585590795143929,0.933,0.902,1,"DYNC1H1","NS"
"HEBP2",0.128571082189784,0.388052139668633,0.8,0.866,1,"HEBP2","NS"
"LMNA",0.129077601034105,0.357524056613387,1,0.969,1,"LMNA","NS"
"OTUB1",0.129690466817636,0.392253782337692,0.867,0.861,1,"OTUB1","NS"
"PRRG4",0.130219337100132,0.490215430576294,0.667,0.706,1,"PRRG4","NS"
"FN1",0.130850141084518,0.483243294320199,0.4,0.588,1,"FN1","NS"
"CGNL1",0.131743343499022,0.362212762633504,0.267,0.423,1,"CGNL1","NS"
"DNAH2",0.132758841600747,0.312660998828466,0,0.134,1,"DNAH2","NS"
"HCG26",0.13321315425708,0.300270747012571,0.067,0.222,1,"HCG26","NS"
"TFCP2L1",0.133878552552151,0.371238137890385,0.667,0.753,1,"TFCP2L1","NS"
"IFT46",0.134597992178712,0.259556365714552,0.067,0.216,1,"IFT46","NS"
"ATP1B3",0.135153450538981,0.447217105647014,0.867,0.84,1,"ATP1B3","NS"
"ACTL6A",0.135492695586198,0.289194782648401,0.533,0.634,1,"ACTL6A","NS"
"EIF4B",0.135575743324914,0.284979875806221,0.667,0.789,1,"EIF4B","NS"
"ZNF451",0.136411436762025,0.252898400965315,0.6,0.686,1,"ZNF451","NS"
"PLXNA2",0.136671288120125,0.422853961992331,0.667,0.84,1,"PLXNA2","NS"
"WRB",0.137700181068957,0.364959707453269,0.267,0.397,1,"WRB","NS"
"FAM114A1",0.137775023892216,0.393351747493121,0.533,0.665,1,"FAM114A1","NS"
"ST6GALNAC4",0.137956539704482,0.329852177501163,0.2,0.351,1,"ST6GALNAC4","NS"
"MXD4",0.137989642167379,0.520735693953196,0.733,0.732,1,"MXD4","NS"
"RAP2B",0.138096559235515,0.335398275509575,0.6,0.639,1,"RAP2B","NS"
"CHMP5",0.138183558098913,0.329232087619914,0.667,0.691,1,"CHMP5","NS"
"WDR33",0.138701007121583,0.432386723747306,0.667,0.634,1,"WDR33","NS"
"DEGS2",0.138799583864444,0.570141027597247,0.6,0.686,1,"DEGS2","NS"
"IFI35",0.139138504183497,0.530280433694112,0.4,0.598,1,"IFI35","NS"
"ZFP36L1",0.139445364760209,0.367542700133546,1,0.974,1,"ZFP36L1","NS"
"MRPS18B",0.141531304320337,0.408085076037899,0.8,0.804,1,"MRPS18B","NS"
"MTCH1",0.141686966899706,0.375189117429677,1,0.902,1,"MTCH1","NS"
"PSMD11",0.142255209341008,0.352948850079459,0.8,0.845,1,"PSMD11","NS"
"PALM3",0.142528310604897,0.328843749164197,0.267,0.454,1,"PALM3","NS"
"CCDC91",0.143135498631602,0.288462128358716,0.267,0.397,1,"CCDC91","NS"
"TMEM120A",0.143142487194552,0.293415822775989,0.4,0.552,1,"TMEM120A","NS"
"C21orf59",0.143166494254051,0.603259747732449,0.533,0.624,1,"C21orf59","NS"
"CELSR2",0.143497200215166,0.312369176788049,0.2,0.33,1,"CELSR2","NS"
"SNAI1",0.144381080996125,0.504324154333118,0.467,0.541,1,"SNAI1","NS"
"SLC3A2",0.145273662353104,0.601352965550403,0.867,0.902,1,"SLC3A2","NS"
"CD9",0.145606709282377,0.57300130385907,0.933,0.861,1,"CD9","NS"
"KDM4A",0.145904848097217,0.380182386434851,0.4,0.5,1,"KDM4A","NS"
"TM2D2",0.146325482773553,0.260423879010993,0.267,0.423,1,"TM2D2","NS"
"DXO",0.146325482773553,0.286216727551997,0.267,0.423,1,"DXO","NS"
"DDIT4",0.147274183259601,0.286584256744688,0.667,0.376,1,"DDIT4","NS"
"PWWP2A",0.147358920393605,0.389205211327283,0.6,0.665,1,"PWWP2A","NS"
"FASTK",0.147702739019607,0.339817401663139,0.6,0.67,1,"FASTK","NS"
"SLC25A6",0.149037411304278,0.461357916920879,1,0.902,1,"SLC25A6","NS"
"PRADC1",0.149232605468956,0.272108299626733,0.2,0.381,1,"PRADC1","NS"
"TUBA1A",0.149232605468956,0.712477206579574,0.2,0.381,1,"TUBA1A","NS"
"UAP1",0.149615341564183,0.286839861668059,0.533,0.696,1,"UAP1","NS"
"PLK3",0.14980888643627,0.375886090009133,0.133,0.304,1,"PLK3","NS"
"BLOC1S3",0.150696578078699,0.403873227427663,0.267,0.438,1,"BLOC1S3","NS"
"OXA1L",0.152059741140577,0.290590154003151,0.667,0.768,1,"OXA1L","NS"
"SNX2",0.152231084595596,0.343427978701777,0.533,0.562,1,"SNX2","NS"
"CCDC47",0.152766108497354,0.471567425129891,0.933,0.897,1,"CCDC47","NS"
"SEZ6L2",0.153041354547111,0.276883665278564,0.267,0.397,1,"SEZ6L2","NS"
"COPB2",0.153579402624992,0.446701815634804,0.933,0.845,1,"COPB2","NS"
"EGR1",0.154235248475159,0.577313562492961,0.933,0.959,1,"EGR1","NS"
"MAP6",0.154966303054858,0.322159202750504,0.067,0.206,1,"MAP6","NS"
"DANCR",0.155837813264064,0.447669083187597,0.533,0.629,1,"DANCR","NS"
"KLHDC3",0.15638767871497,0.365584460960381,0.6,0.588,1,"KLHDC3","NS"
"ZFP36",0.156649527093339,0.401574708124005,1,0.897,1,"ZFP36","NS"
"CLPTM1",0.158930675173055,0.465476020891027,0.667,0.608,1,"CLPTM1","NS"
"PSMB8",0.159165047604637,0.502144859436582,0.933,0.887,1,"PSMB8","NS"
"COL4A4",0.160231532889374,0.344935512186211,0.333,0.474,1,"COL4A4","NS"
"AUP1",0.160919424322202,0.395694058072228,0.933,0.861,1,"AUP1","NS"
"TMUB1",0.161763490721581,0.32425534044143,0.667,0.68,1,"TMUB1","NS"
"COPRS",0.161936180021439,0.486245193623394,0.2,0.356,1,"COPRS","NS"
"CGN",0.162383929002442,0.330745144536216,0.6,0.696,1,"CGN","NS"
"SLC40A1",0.163796101684322,0.43024940466522,0.733,0.742,1,"SLC40A1","NS"
"ALDH3B1",0.16446122475958,0.401477931999211,0.4,0.577,1,"ALDH3B1","NS"
"ADH5",0.165277886766261,0.317740819033592,0.6,0.639,1,"ADH5","NS"
"ZNF688",0.165525288805635,0.258725708935338,0.2,0.335,1,"ZNF688","NS"
"POM121",0.165549945751653,0.321958995352603,0.733,0.753,1,"POM121","NS"
"ILF3-AS1",0.16606702351581,0.505304375452784,0.467,0.552,1,"ILF3-AS1","NS"
"HNRNPU",0.166104427826691,0.326750323723955,1,0.959,1,"HNRNPU","NS"
"LITAF",0.166503207566243,0.590687007896326,0.733,0.711,1,"LITAF","NS"
"BTG3",0.167070805095633,0.31897062713739,0.8,0.83,1,"BTG3","NS"
"SAFB2",0.16804034518848,0.456754003917791,0.667,0.706,1,"SAFB2","NS"
"CXXC5",0.168656299545766,0.30128027495213,0.2,0.366,1,"CXXC5","NS"
"MESP2",0.168777779131165,0.289830468960356,0.267,0.402,1,"MESP2","NS"
"TIMMDC1",0.168858323134924,0.373135365644311,0.667,0.696,1,"TIMMDC1","NS"
"N4BP1",0.169693249575396,0.314078796595593,0.667,0.778,1,"N4BP1","NS"
"PPP1R15A",0.170179652966079,0.264021014663623,1,0.938,1,"PPP1R15A","NS"
"ROCK1",0.170701067298833,0.275079611383224,0.6,0.794,1,"ROCK1","NS"
"KPNA4",0.170931247875437,0.263164399674606,0.667,0.737,1,"KPNA4","NS"
"TEKT2",0.171144347793615,0.357756193652727,0,0.113,1,"TEKT2","NS"
"AAR2",0.171325370922002,0.261382705699957,0.267,0.376,1,"AAR2","NS"
"KIAA1279",0.171337442437959,0.263736759754253,0.2,0.351,1,"KIAA1279","NS"
"TMEM222",0.171443219386961,0.474560741200764,0.667,0.608,1,"TMEM222","NS"
"MRTO4",0.171795756785262,0.509544982145106,0.4,0.479,1,"MRTO4","NS"
"RHOA",0.172226363779325,0.346782654277541,0.867,0.845,1,"RHOA","NS"
"ANKZF1",0.172915800331378,0.366280105656355,0.333,0.464,1,"ANKZF1","NS"
"EEF1A1",0.172997511721042,0.276725320794864,1,1,1,"EEF1A1","NS"
"ABHD2",0.173139270896515,0.359952206455187,0.6,0.649,1,"ABHD2","NS"
"FAAH",0.173361052195134,0.483922153429376,0.467,0.495,1,"FAAH","NS"
"GALM",0.173538249503006,0.337884771164852,0.6,0.655,1,"GALM","NS"
"COX7A2L",0.173679317542106,0.339221383326562,0.733,0.747,1,"COX7A2L","NS"
"DNM2",0.174250778967647,0.431370316475736,0.867,0.753,1,"DNM2","NS"
"HMGN1",0.174375643977135,0.276333164091387,1,0.948,1,"HMGN1","NS"
"PHB2",0.176332428772049,0.556163704473184,0.867,0.773,1,"PHB2","NS"
"SLC39A7",0.176449860798263,0.472383801678275,0.867,0.845,1,"SLC39A7","NS"
"ITGA3",0.176589822812369,0.386835344642278,0.6,0.727,1,"ITGA3","NS"
"EIF3A",0.17693915019931,0.339205858326708,0.867,0.892,1,"EIF3A","NS"
"FBXO7",0.177187493454978,0.261635083140087,0.533,0.67,1,"FBXO7","NS"
"TIMP3",0.177842860836862,0.440696524846745,0.8,0.933,1,"TIMP3","NS"
"MRPL49",0.178263175314895,0.442442540455071,0.6,0.66,1,"MRPL49","NS"
"RDH11",0.178309361714411,0.301952716172453,0.467,0.567,1,"RDH11","NS"
"RRAD",0.178462769737664,0.304846932981377,0.333,0.186,1,"RRAD","NS"
"TMEM106B",0.178516132540149,0.372783457376757,0.667,0.639,1,"TMEM106B","NS"
"CHORDC1",0.179043359095982,0.354677115025623,0.867,0.768,1,"CHORDC1","NS"
"DUOXA1",0.179150323732663,0.286194249178822,0.267,0.423,1,"DUOXA1","NS"
"LGMN",0.179305976767343,0.336609180337713,0.933,0.933,1,"LGMN","NS"
"MRPL45",0.179412303547847,0.259419309170211,0.267,0.366,1,"MRPL45","NS"
"STEAP4",0.180426823848882,0.384212986316622,0.667,0.742,1,"STEAP4","NS"
"GIGYF2",0.181427311332871,0.401509541604942,0.6,0.737,1,"GIGYF2","NS"
"KDM2A",0.181782080663932,0.328866787441735,0.8,0.747,1,"KDM2A","NS"
"LRPAP1",0.181866842674683,0.393748969335825,0.867,0.825,1,"LRPAP1","NS"
"DLGAP4",0.18188048068101,0.325221370864289,0.6,0.649,1,"DLGAP4","NS"
"SQRDL",0.182664243123419,0.482974046917698,0.6,0.608,1,"SQRDL","NS"
"TMX2",0.182927184418263,0.438266402369857,0.533,0.588,1,"TMX2","NS"
"EFEMP1",0.18388766446125,0.371691802446559,0.467,0.531,1,"EFEMP1","NS"
"CHADL",0.184531735837153,0.281534574304377,0.067,0.196,1,"CHADL","NS"
"UFL1",0.185220931005731,0.308568981611807,0.467,0.562,1,"UFL1","NS"
"AES",0.186267748445058,0.413972810703163,0.867,0.825,1,"AES","NS"
"FLJ37453",0.186312158163242,0.624807737122014,0.6,0.691,1,"FLJ37453","NS"
"ABHD16A",0.186318238381145,0.458632403581495,0.4,0.495,1,"ABHD16A","NS"
"AP2M1",0.186783673327135,0.270903428436904,0.667,0.706,1,"AP2M1","NS"
"FBXW5",0.186908519786085,0.454929460172098,0.533,0.603,1,"FBXW5","NS"
"USP33",0.187120757045828,0.271924705128122,0.467,0.603,1,"USP33","NS"
"ALDH7A1",0.188106596085974,0.320535939791353,0.467,0.572,1,"ALDH7A1","NS"
"ICAM4",0.188432347095879,0.449337259702498,0.667,0.778,1,"ICAM4","NS"
"RPL7L1",0.188998399169258,0.297946227143677,0.6,0.686,1,"RPL7L1","NS"
"NMI",0.18998437415483,0.289807438174612,0.467,0.51,1,"NMI","NS"
"BATF2",0.190142880254544,0.475904852437093,0.2,0.351,1,"BATF2","NS"
"GABRE",0.190318528088076,0.320772656115504,0.333,0.464,1,"GABRE","NS"
"XKR8",0.190665847383349,0.305455869950909,0.267,0.423,1,"XKR8","NS"
"ARL17A",0.190769939838657,0.281753948696475,0.4,0.485,1,"ARL17A","NS"
"SFTPA2",0.190898789470322,2.83973103914872,0.067,0.191,1,"SFTPA2","NS"
"UBR4",0.191177000660822,0.262508607192447,0.467,0.644,1,"UBR4","NS"
"PDS5A",0.191357529134605,0.279968698922541,0.667,0.737,1,"PDS5A","NS"
"CHD3",0.191394460134583,0.282991594078921,0.4,0.505,1,"CHD3","NS"
"RNF213",0.192572362718274,0.571342893375192,0.933,0.933,1,"RNF213","NS"
"EIF2S3",0.193103115503355,0.348333568207516,0.867,0.794,1,"EIF2S3","NS"
"ARPC1B",0.193229694286541,0.352451321435922,1,0.902,1,"ARPC1B","NS"
"ABHD12",0.19334224223375,0.364870320642159,0.467,0.531,1,"ABHD12","NS"
"TCP1",0.193620600288122,0.261479648495743,0.8,0.871,1,"TCP1","NS"
"SLC43A2",0.194016603381114,0.257723880757081,0.267,0.407,1,"SLC43A2","NS"
"ABCB8",0.194033963173749,0.290207317628143,0.4,0.485,1,"ABCB8","NS"
"SAC3D1",0.194052870154901,0.369847031111867,0.133,0.273,1,"SAC3D1","NS"
"PSMC2",0.194993288043006,0.333161691932538,0.8,0.814,1,"PSMC2","NS"
"LPIN2",0.195429865687539,0.468973846498064,0.8,0.773,1,"LPIN2","NS"
"CDC27",0.195517094464757,0.292694958774211,0.533,0.644,1,"CDC27","NS"
"NRBF2",0.195681265278875,0.342977832636727,0.4,0.485,1,"NRBF2","NS"
"METTL9",0.196571788943986,0.347524451599922,0.467,0.531,1,"METTL9","NS"
"DHPS",0.196709223628874,0.302380006893394,0.533,0.593,1,"DHPS","NS"
"WDR61",0.197276822578992,0.455162972361056,0.867,0.701,1,"WDR61","NS"
"DNAJC4",0.197359749044715,0.289370215933331,0.6,0.696,1,"DNAJC4","NS"
"CTNNBL1",0.199689034053133,0.455646492647983,0.533,0.598,1,"CTNNBL1","NS"
"MPV17L2",0.200275109395192,0.331561489302078,0.333,0.479,1,"MPV17L2","NS"
"ALG8",0.200676099128992,0.361422933842304,0.533,0.572,1,"ALG8","NS"
"ACOT8",0.201333949913744,0.307420675683566,0.4,0.51,1,"ACOT8","NS"
"ALKBH4",0.201759221673321,0.617393520755274,0.2,0.325,1,"ALKBH4","NS"
"DUSP18",0.201967604129191,0.291355627868997,0.267,0.433,1,"DUSP18","NS"
"BCLAF1",0.202173970134877,0.346903516049987,0.933,0.866,1,"BCLAF1","NS"
"ADI1",0.202359955401567,0.456450774942484,1,0.881,1,"ADI1","NS"
"VIM",0.202427545892836,0.326033992159041,0.133,0.304,1,"VIM","NS"
"CBX6",0.202737936403996,0.347888668021877,0.667,0.665,1,"CBX6","NS"
"RCN1",0.203110465686638,0.258532643829808,0.6,0.644,1,"RCN1","NS"
"SLC35E2B",0.203121045638171,0.304521045805021,0.4,0.521,1,"SLC35E2B","NS"
"MARCH6",0.203566225854014,0.311305265591759,0.867,0.856,1,"MARCH6","NS"
"GRWD1",0.20391130067013,0.251867614857276,0.133,0.278,1,"GRWD1","NS"
"BCL3",0.204594525758541,0.283536382232499,0.467,0.552,1,"BCL3","NS"
"CYB5B",0.204624375746014,0.257012327829402,0.6,0.686,1,"CYB5B","NS"
"PLEKHA1",0.20540227163,0.305808126633385,0.533,0.613,1,"PLEKHA1","NS"
"SLC19A1",0.207514073669602,0.254503176858842,0.2,0.325,1,"SLC19A1","NS"
"NUP210L",0.207643469055476,0.312724049771056,0.333,0.443,1,"NUP210L","NS"
"LDB1",0.207662355184221,0.279773024936902,0.333,0.423,1,"LDB1","NS"
"SUMO1",0.207748581259765,0.282492474810383,1,0.809,1,"SUMO1","NS"
"RTCA",0.207805192982346,0.303959783184832,0.4,0.454,1,"RTCA","NS"
"WIPF2",0.208093814930086,0.340779828766336,0.533,0.593,1,"WIPF2","NS"
"ATP6V0E2",0.208200629715542,0.563043484718996,0.733,0.68,1,"ATP6V0E2","NS"
"PRX",0.208277458121772,0.284537233910692,0.133,0.253,1,"PRX","NS"
"OBFC1",0.20952354212262,0.25173267186138,0.4,0.495,1,"OBFC1","NS"
"ARHGEF26",0.209920642927026,0.255983743995923,0.333,0.485,1,"ARHGEF26","NS"
"ATP5A1",0.211632835571846,0.361531894473629,0.8,0.866,1,"ATP5A1","NS"
"PEPD",0.212741070435501,0.37074362992584,0.733,0.701,1,"PEPD","NS"
"C19orf70",0.212969803705434,0.437531997138775,0.933,0.835,1,"C19orf70","NS"
"TREX1",0.21308131340381,0.501276821789155,0.267,0.438,1,"TREX1","NS"
"DPP9",0.214453016843839,0.373176581522384,0.333,0.428,1,"DPP9","NS"
"CD2BP2",0.214784040169236,0.475862519388853,0.733,0.68,1,"CD2BP2","NS"
"TRIM33",0.21492556325365,0.312237257199438,0.4,0.546,1,"TRIM33","NS"
"UTRN",0.215447622283348,0.317378441752564,0.733,0.758,1,"UTRN","NS"
"TOM1",0.216051514936736,0.386491239936062,0.533,0.562,1,"TOM1","NS"
"CFB",0.216906369329482,0.304781581038175,0.133,0.253,1,"CFB","NS"
"ADGRD1",0.217068075136195,0.265486648304193,0.6,0.634,1,"ADGRD1","NS"
"SPR",0.217105882209419,0.40888611934602,0.8,0.753,1,"SPR","NS"
"HDGF",0.217156125650616,0.33678269348611,0.933,0.84,1,"HDGF","NS"
"ZMAT2",0.217908836561508,0.250942789084355,0.533,0.753,1,"ZMAT2","NS"
"RNF187",0.218021244450301,0.267138364692551,0.733,0.706,1,"RNF187","NS"
"TMEM138",0.218178083268258,0.376832529311441,0.4,0.49,1,"TMEM138","NS"
"OCEL1",0.218579670319528,0.279646839018563,0.333,0.423,1,"OCEL1","NS"
"PHKG2",0.220811675907534,0.591146144907594,0.733,0.67,1,"PHKG2","NS"
"CASP10",0.220866241103381,0.431525442658999,0.467,0.485,1,"CASP10","NS"
"USP22",0.22123893994419,0.435981394998551,0.867,0.84,1,"USP22","NS"
"SPA17",0.221527613484146,0.252973436888051,0.067,0.18,1,"SPA17","NS"
"PTPN6",0.22240340509494,0.322499830722092,0.333,0.397,1,"PTPN6","NS"
"DDX27",0.223076295408309,0.453909910892055,0.933,0.845,1,"DDX27","NS"
"C5orf45",0.223423154868957,0.365153312339263,0.533,0.593,1,"C5orf45","NS"
"UBE3A",0.224216567807201,0.268361526274966,0.8,0.763,1,"UBE3A","NS"
"GALNT3",0.224742725683131,0.256156827285391,0.667,0.696,1,"GALNT3","NS"
"ZXDC",0.224948728730913,0.276006357035419,0.267,0.366,1,"ZXDC","NS"
"TRIM38",0.225275684311757,0.365414936907463,0.6,0.696,1,"TRIM38","NS"
"CAPN12",0.22549100178857,0.274332775657247,0.2,0.325,1,"CAPN12","NS"
"VSIG10",0.226313616516766,0.349033305598476,0.333,0.495,1,"VSIG10","NS"
"SPOP",0.226376200715884,0.436508264494795,0.8,0.732,1,"SPOP","NS"
"GOLGB1",0.227050673008043,0.265310067133167,0.933,0.907,1,"GOLGB1","NS"
"SLC35B2",0.22817413708606,0.457151211625841,0.667,0.619,1,"SLC35B2","NS"
"SOCS1",0.228327383090541,0.339447321785221,0.733,0.634,1,"SOCS1","NS"
"NIP7",0.228858488989321,0.255211655671192,0.333,0.433,1,"NIP7","NS"
"HAGH",0.228971168503717,0.351810611036153,0.667,0.763,1,"HAGH","NS"
"STOM",0.229893048393297,0.309076986410688,0.8,0.856,1,"STOM","NS"
"CCP110",0.230084487925564,0.290873405696383,0.533,0.649,1,"CCP110","NS"
"RCN2",0.232119387519989,0.328232887394709,0.467,0.562,1,"RCN2","NS"
"ENTPD6",0.233495932683052,0.26672327614878,0.467,0.546,1,"ENTPD6","NS"
"CORO1B",0.234055450486724,0.39348585215576,0.867,0.706,1,"CORO1B","NS"
"SQSTM1",0.235866510765776,0.389533272657047,1,0.995,1,"SQSTM1","NS"
"PLEKHG2",0.237133853283659,0.423587906506113,0.333,0.428,1,"PLEKHG2","NS"
"FARS2",0.237319458683278,0.273670746727058,0.2,0.309,1,"FARS2","NS"
"MRPS2",0.237319458683278,0.31257398246004,0.2,0.309,1,"MRPS2","NS"
"SERINC3",0.237724322884962,0.292014664191016,0.733,0.758,1,"SERINC3","NS"
"NUB1",0.238462058535971,0.379687394699168,0.733,0.851,1,"NUB1","NS"
"TMEM55B",0.238626528822326,0.336981475931255,0.467,0.5,1,"TMEM55B","NS"
"ZFR",0.238854293021613,0.402379360787119,0.867,0.732,1,"ZFR","NS"
"GUSB",0.239187481738185,0.285803552415196,0.667,0.778,1,"GUSB","NS"
"LRRC23",0.239475858325646,0.36637035693328,0.133,0.289,1,"LRRC23","NS"
"SCNN1B",0.239702661134854,0.440501338869532,0.733,0.763,1,"SCNN1B","NS"
"PIK3IP1",0.240398393884651,0.257834274797264,0.467,0.613,1,"PIK3IP1","NS"
"JAGN1",0.241073012933488,0.291072104697804,0.333,0.428,1,"JAGN1","NS"
"DPF2",0.241571751637481,0.312980539399724,0.6,0.567,1,"DPF2","NS"
"PCCB",0.24217954496817,0.394343193569069,0.333,0.418,1,"PCCB","NS"
"MAST3",0.242617309088642,0.356880864485185,0.2,0.335,1,"MAST3","NS"
"PSMD13",0.242879849699183,0.580331267441115,0.867,0.742,1,"PSMD13","NS"
"PARP9",0.244229759976933,0.366213064787762,0.933,0.866,1,"PARP9","NS"
"PLEKHJ1",0.24554535812644,0.432461232611151,0.733,0.67,1,"PLEKHJ1","NS"
"TAP1",0.245824304675995,0.274034187682088,0.733,0.737,1,"TAP1","NS"
"TMEM219",0.245909189929132,0.363339502990441,0.933,0.856,1,"TMEM219","NS"
"HRAS",0.246962765419706,0.303407211365709,0.467,0.325,1,"HRAS","NS"
"ARAP1",0.248463414028699,0.39401055384847,0.6,0.67,1,"ARAP1","NS"
"PLS1",0.251195608492576,0.260816365735535,0.533,0.613,1,"PLS1","NS"
"STIP1",0.251545949174265,0.336545955175327,0.867,0.876,1,"STIP1","NS"
"SERPING1",0.252296928046396,0.433771947636767,0.6,0.593,1,"SERPING1","NS"
"TGIF1",0.25290617141334,0.332126805922858,0.867,0.84,1,"TGIF1","NS"
"RGL3",0.253060267773197,0.32149739627101,0.2,0.314,1,"RGL3","NS"
"UQCRC1",0.253343675497934,0.543297437521564,0.8,0.758,1,"UQCRC1","NS"
"BTN3A2",0.253641577306527,0.352620358538053,0.6,0.758,1,"BTN3A2","NS"
"NKTR",0.254683656297946,0.492904113730755,0.733,0.696,1,"NKTR","NS"
"TM2D3",0.257427725630278,0.379412746235051,0.533,0.577,1,"TM2D3","NS"
"USP14",0.257678768967295,0.32432264115308,0.667,0.593,1,"USP14","NS"
"ARIH2",0.258234917594179,0.34709304539283,0.533,0.68,1,"ARIH2","NS"
"SERPINA1",0.258467484966638,0.803225274285461,0.067,0.191,1,"SERPINA1","NS"
"NPRL2",0.258929786416931,0.338709603284338,0.267,0.387,1,"NPRL2","NS"
"DNPEP",0.260029224244653,0.307131962027319,0.4,0.51,1,"DNPEP","NS"
"PPT1",0.260439170313283,0.325680334518697,0.733,0.732,1,"PPT1","NS"
"MMP28",0.260450821170177,0.417171373715509,0.867,0.768,1,"MMP28","NS"
"TBC1D24",0.261567256454336,0.283814929226366,0.8,0.778,1,"TBC1D24","NS"
"EHD4",0.26200171807201,0.271304573824153,0.2,0.309,1,"EHD4","NS"
"SELM",0.262214253678549,0.289670636824034,0.667,0.716,1,"SELM","NS"
"PIGT",0.262214253678549,0.374195216598882,0.667,0.716,1,"PIGT","NS"
"XIAP",0.262540081104056,0.35212438246011,0.933,0.856,1,"XIAP","NS"
"NSFL1C",0.263776418533905,0.358957266878408,0.8,0.737,1,"NSFL1C","NS"
"SNHG3",0.265308907263038,0.288076998396802,0.533,0.649,1,"SNHG3","NS"
"GPRIN2",0.265675549385494,0.514716139177158,0.333,0.428,1,"GPRIN2","NS"
"CBR1",0.266035627854432,0.374244576353376,1,0.83,1,"CBR1","NS"
"LOC148413",0.26645680224459,0.384558866393021,0.2,0.304,1,"LOC148413","NS"
"CCDC64B",0.266790396309143,0.301029875164403,0.6,0.639,1,"CCDC64B","NS"
"PTGES2",0.267553853446978,0.388014169895869,0.4,0.459,1,"PTGES2","NS"
"PDPR",0.267647675274057,0.33377893586225,0.467,0.557,1,"PDPR","NS"
"IL17RC",0.267750195675829,0.328454099176836,0.333,0.392,1,"IL17RC","NS"
"NEK11",0.268455866016727,0.260624288803627,0.067,0.165,1,"NEK11","NS"
"NAPRT",0.26922201989212,0.467292281189067,0.667,0.639,1,"NAPRT","NS"
"PRMT7",0.269643378132932,0.458979543208747,0.467,0.531,1,"PRMT7","NS"
"SPG11",0.269913876034787,0.304715565520528,0.4,0.526,1,"SPG11","NS"
"CYTH2",0.27132928268852,0.40291489362607,0.533,0.536,1,"CYTH2","NS"
"EIF3I",0.271571196709677,0.320237071609927,0.933,0.902,1,"EIF3I","NS"
"CAPZA1",0.272619810257861,0.290969198179093,0.867,0.923,1,"CAPZA1","NS"
"NEAT1",0.272746862623538,0.610924209231765,1,0.979,1,"NEAT1","NS"
"ZNF800",0.274398969714998,0.351414728101054,0.4,0.5,1,"ZNF800","NS"
"RUVBL2",0.274693855335611,0.56187223286715,0.6,0.639,1,"RUVBL2","NS"
"C19orf66",0.276208824694757,0.353126843230074,0.6,0.634,1,"C19orf66","NS"
"PPOX",0.277683473081584,0.341308275387169,0.267,0.397,1,"PPOX","NS"
"TPP1",0.278110726328019,0.261624980695914,0.6,0.68,1,"TPP1","NS"
"GPHN",0.278274968184335,0.267098891513928,0.4,0.242,1,"GPHN","NS"
"ALS2CL",0.278676787640273,0.265542583038841,0.2,0.335,1,"ALS2CL","NS"
"GPATCH8",0.279614213960778,0.281529790727985,0.667,0.732,1,"GPATCH8","NS"
"EAPP",0.280483728318955,0.259046501715755,0.667,0.711,1,"EAPP","NS"
"C1GALT1C1",0.281909192517601,0.310336972455834,0.4,0.443,1,"C1GALT1C1","NS"
"MRPL10",0.282117155398644,0.308910234528631,0.4,0.448,1,"MRPL10","NS"
"STARD7",0.282130398688467,0.289359780687221,0.8,0.784,1,"STARD7","NS"
"SNHG5",0.282538082060985,0.256445135128798,0.6,0.66,1,"SNHG5","NS"
"LRWD1",0.283340537646927,0.291352643237224,0.2,0.304,1,"LRWD1","NS"
"CAPZB",0.283900711224327,0.291378644617218,0.933,0.856,1,"CAPZB","NS"
"HDHD3",0.284097318546949,0.423844249448493,0.4,0.443,1,"HDHD3","NS"
"PEF1",0.284611081825989,0.351295929745123,0.8,0.768,1,"PEF1","NS"
"HLA-DRA",0.285529098091743,0.288693314595549,0.933,0.964,1,"HLA-DRA","NS"
"C1orf210",0.285797049733939,0.286164069493423,0.6,0.675,1,"C1orf210","NS"
"CLU",0.285969439446213,0.602679220719243,0.867,0.773,1,"CLU","NS"
"RNPEPL1",0.286296912413875,0.368486546605875,0.4,0.443,1,"RNPEPL1","NS"
"UBL7",0.287274179079684,0.391989587397224,0.533,0.582,1,"UBL7","NS"
"CSAD",0.288436990012931,0.28290720740033,0.2,0.325,1,"CSAD","NS"
"G3BP1",0.288743096738604,0.345487780724939,0.8,0.804,1,"G3BP1","NS"
"SMIM14",0.292042318421147,0.264338859897231,0.8,0.675,1,"SMIM14","NS"
"SNX27",0.29337307648261,0.268553610884157,0.667,0.675,1,"SNX27","NS"
"B4GALT3",0.293539572915439,0.308814860232516,0.467,0.5,1,"B4GALT3","NS"
"USP40",0.293766586436568,0.488340882011243,0.867,0.845,1,"USP40","NS"
"SRSF9",0.294378815102532,0.305413826440592,0.8,0.758,1,"SRSF9","NS"
"TMUB2",0.294663413992272,0.615238930932332,0.6,0.613,1,"TMUB2","NS"
"PLIN3",0.294806660937756,0.379720523582508,0.533,0.526,1,"PLIN3","NS"
"HMG20B",0.295739394601348,0.391791748263803,0.6,0.624,1,"HMG20B","NS"
"FAHD2A",0.295823461706823,0.2634185241612,0.2,0.325,1,"FAHD2A","NS"
"ARPC1A",0.295891592338973,0.277522499377942,0.933,0.845,1,"ARPC1A","NS"
"ZSCAN18",0.295969665680412,0.375019780627205,0.467,0.552,1,"ZSCAN18","NS"
"LEPROT",0.298038847198658,0.413571171682672,0.867,0.768,1,"LEPROT","NS"
"DALRD3",0.298110567767787,0.322338809736408,0.2,0.294,1,"DALRD3","NS"
"TAF6L",0.298793252732123,0.383047217472913,0.333,0.397,1,"TAF6L","NS"
"RDH16",0.300158817563075,0.263827252118655,0.067,0.16,1,"RDH16","NS"
"TSPAN1",0.301190022944951,0.956535628362683,0.267,0.165,1,"TSPAN1","NS"
"FBXL15",0.301609239570147,0.251300517065433,0.333,0.438,1,"FBXL15","NS"
"JKAMP",0.303335471070314,0.299758362266629,0.467,0.505,1,"JKAMP","NS"
"TP53I13",0.305216686745103,0.254431243727668,0.2,0.278,1,"TP53I13","NS"
"THTPA",0.305735118755919,0.308825524467114,0.2,0.289,1,"THTPA","NS"
"SPNS1",0.305967761857819,0.437609812987167,0.533,0.521,1,"SPNS1","NS"
"ILKAP",0.30855124820679,0.272745436664585,0.4,0.433,1,"ILKAP","NS"
"KXD1",0.31025592381076,0.390708401213354,0.933,0.753,1,"KXD1","NS"
"ARFIP2",0.310846240644785,0.406054131026001,0.533,0.582,1,"ARFIP2","NS"
"TEAD3",0.310888548205591,0.397624779658377,0.333,0.438,1,"TEAD3","NS"
"EP300",0.311273347635097,0.253434303548878,0.533,0.577,1,"EP300","NS"
"SFTPA1",0.312384847125223,2.49679573397897,0.067,0.17,1,"SFTPA1","NS"
"DNTTIP2",0.312385662638217,0.40931006211724,0.8,0.737,1,"DNTTIP2","NS"
"FBXO18",0.312541532906625,0.272335285861252,0.133,0.247,1,"FBXO18","NS"
"GNPTAB",0.313375166574834,0.251501589313169,0.533,0.603,1,"GNPTAB","NS"
"HBP1",0.314048433346074,0.286053030962199,0.6,0.66,1,"HBP1","NS"
"PSMD3",0.314251937730153,0.266433685487712,0.8,0.634,1,"PSMD3","NS"
"SIPA1",0.315011547105609,0.385422982824283,0.6,0.567,1,"SIPA1","NS"
"DDRGK1",0.315878187516269,0.352899982549678,0.8,0.861,1,"DDRGK1","NS"
"ALAS1",0.317099210560893,0.356818769348469,0.733,0.691,1,"ALAS1","NS"
"NUMA1",0.31798418588493,0.517433416210428,0.8,0.804,1,"NUMA1","NS"
"DDB1",0.318905757884363,0.256739934545277,0.667,0.624,1,"DDB1","NS"
"CTF1",0.319081860032345,0.261699144193611,0.2,0.314,1,"CTF1","NS"
"GOLGA3",0.319189851408799,0.275852322143495,0.8,0.722,1,"GOLGA3","NS"
"PSMB10",0.319210870466232,0.372038358754434,0.667,0.784,1,"PSMB10","NS"
"NELFE",0.319726371254962,0.337316523154685,0.8,0.758,1,"NELFE","NS"
"CREB3L1",0.323340982180578,0.308736425620231,0.667,0.675,1,"CREB3L1","NS"
"GGTLC1",0.323944177805407,0.341304503507489,0.533,0.629,1,"GGTLC1","NS"
"CST3",0.324141383128566,0.415216381732031,1,0.969,1,"CST3","NS"
"ALCAM",0.324211412267711,0.285159182243198,0.667,0.804,1,"ALCAM","NS"
"THAP5",0.324227108028904,0.267394712290063,0.533,0.582,1,"THAP5","NS"
"HDGFRP2",0.325854537709556,0.285250324972262,0.333,0.356,1,"HDGFRP2","NS"
"NIPAL3",0.326840313408963,0.349255645454492,0.6,0.655,1,"NIPAL3","NS"
"ELOVL1",0.32734704207069,0.374206149692217,0.933,0.778,1,"ELOVL1","NS"
"TMEM33",0.327699034912903,0.28057341935731,0.733,0.722,1,"TMEM33","NS"
"ITCH",0.328111341528926,0.270329355460737,0.533,0.531,1,"ITCH","NS"
"SPAG16",0.330368707583665,0.277230163901452,0.4,0.448,1,"SPAG16","NS"
"ACTR2",0.331602059130115,0.262475054307154,0.667,0.763,1,"ACTR2","NS"
"FNDC3B",0.33176381749656,0.286487553615526,0.8,0.789,1,"FNDC3B","NS"
"ALDH3A1",0.332656456321694,0.449852080097657,0.133,0.227,1,"ALDH3A1","NS"
"MDK",0.332740109564486,0.463669017286665,0.867,0.912,1,"MDK","NS"
"HDLBP",0.332895076567611,0.292038580390456,1,0.948,1,"HDLBP","NS"
"CYP20A1",0.334492908894226,0.378933245365076,0.867,0.861,1,"CYP20A1","NS"
"GSDMD",0.335896493287933,0.443059835804888,0.467,0.495,1,"GSDMD","NS"
"BCAT2",0.335896998735576,0.468711698573345,0.733,0.598,1,"BCAT2","NS"
"YTHDF2",0.336900575480509,0.284328987269191,0.867,0.876,1,"YTHDF2","NS"
"WBSCR27",0.33840516053606,0.301358777133358,0.2,0.284,1,"WBSCR27","NS"
"WDR6",0.338735538859318,0.579562611397944,0.6,0.593,1,"WDR6","NS"
"MPST",0.338851015628457,0.438608177307064,0.8,0.696,1,"MPST","NS"
"NIT1",0.339068800462775,0.253605931437061,0.333,0.418,1,"NIT1","NS"
"CHAC1",0.340559732769531,0.478896329537678,0.333,0.423,1,"CHAC1","NS"
"TAPBPL",0.341092267861258,0.490249941346492,0.533,0.546,1,"TAPBPL","NS"
"KRT8",0.341802145723311,0.31719910541247,1,0.938,1,"KRT8","NS"
"ZNF275",0.343721900691519,0.290895021122687,0.2,0.268,1,"ZNF275","NS"
"UBXN11",0.344112603467219,0.460471873810412,0.2,0.289,1,"UBXN11","NS"
"MYO1C",0.344808430778413,0.437173472275612,0.6,0.567,1,"MYO1C","NS"
"ROGDI",0.346428087162035,0.488055386328994,0.6,0.515,1,"ROGDI","NS"
"FBP1",0.346662709785103,0.343823567353615,0.667,0.686,1,"FBP1","NS"
"MAPK1IP1L",0.350045172284796,0.325808502420327,0.733,0.716,1,"MAPK1IP1L","NS"
"PPP1CA",0.351650106605078,0.261592832403853,1,0.799,1,"PPP1CA","NS"
"PSMD4",0.355277541240141,0.282196118195767,1,0.892,1,"PSMD4","NS"
"SRSF4",0.355819582016197,0.416664403112984,0.667,0.639,1,"SRSF4","NS"
"BCL7B",0.356725302396636,0.315894291038184,0.667,0.649,1,"BCL7B","NS"
"NFIC",0.359208023812136,0.355007985715598,1,0.83,1,"NFIC","NS"
"PSMD2",0.360256141180155,0.516271285315449,0.8,0.706,1,"PSMD2","NS"
"PIGU",0.361119076740179,0.267050346685021,0.333,0.397,1,"PIGU","NS"
"COLGALT1",0.363882032949278,0.386820279579412,0.733,0.675,1,"COLGALT1","NS"
"OSBP",0.366754942828956,0.294400414160064,0.533,0.557,1,"OSBP","NS"
"TM9SF1",0.366976010711853,0.301379883741312,0.8,0.68,1,"TM9SF1","NS"
"CCDC51",0.368434234202762,0.269973286302723,0.267,0.16,1,"CCDC51","NS"
"NR6A1",0.368453891307283,0.40288331604358,0.333,0.387,1,"NR6A1","NS"
"MAP4",0.369596869264461,0.355071323829161,0.6,0.572,1,"MAP4","NS"
"MAFF",0.369920914561155,0.337242018588163,0.6,0.67,1,"MAFF","NS"
"MUTYH",0.37048858863315,0.294326308909473,0.2,0.284,1,"MUTYH","NS"
"ZNF566",0.370621688630455,0.340467629757706,0.2,0.273,1,"ZNF566","NS"
"DCAF13",0.370838683170814,0.316436852727405,0.467,0.485,1,"DCAF13","NS"
"PTPRU",0.370908654530979,0.298828019563409,0.667,0.696,1,"PTPRU","NS"
"ARRDC1",0.371513904931343,0.299767912469428,0.467,0.464,1,"ARRDC1","NS"
"BAZ1B",0.371868764546902,0.278953091706392,1,0.943,1,"BAZ1B","NS"
"EPM2AIP1",0.372357557492512,0.436684991406252,0.467,0.505,1,"EPM2AIP1","NS"
"RAB7A",0.373423062590824,0.251165787598522,0.867,0.845,1,"RAB7A","NS"
"MTG2",0.373909731210882,0.398642367295119,0.333,0.356,1,"MTG2","NS"
"SOS1",0.376692598816661,0.286355449656204,0.533,0.557,1,"SOS1","NS"
"ARFGAP1",0.376833108680182,0.38403135011647,0.333,0.423,1,"ARFGAP1","NS"
"DAND5",0.377124544555696,0.393320943558424,0.133,0.227,1,"DAND5","NS"
"IK",0.377657238300264,0.299074738572108,0.933,0.902,1,"IK","NS"
"COQ9",0.377724985321071,0.269954342211991,0.533,0.593,1,"COQ9","NS"
"DGCR6L",0.378831619446625,0.271661660555074,0.933,0.809,1,"DGCR6L","NS"
"LAP3",0.382870675719279,0.25971599298363,0.733,0.67,1,"LAP3","NS"
"DPH7",0.382891943596586,0.299797414131367,0.2,0.258,1,"DPH7","NS"
"AHSA1",0.386133524252817,0.348021454924119,1,0.902,1,"AHSA1","NS"
"RND1",0.386343992073311,0.279155907746949,0.467,0.485,1,"RND1","NS"
"HNRNPAB",0.387168346051145,0.256083209938886,0.933,0.881,1,"HNRNPAB","NS"
"TMEM161A",0.387653723986253,0.305556383598951,0.4,0.49,1,"TMEM161A","NS"
"CPSF6",0.387899251009061,0.275656706407866,0.467,0.479,1,"CPSF6","NS"
"SMARCC2",0.389876453923865,0.305779087448884,0.667,0.789,1,"SMARCC2","NS"
"TMEM11",0.393154951651465,0.349230626049633,0.533,0.515,1,"TMEM11","NS"
"CASC4",0.393736220406557,0.261682303671508,0.8,0.722,1,"CASC4","NS"
"CXCL3",0.393739375897528,0.530880835286366,0.533,0.381,1,"CXCL3","NS"
"LRRC46",0.394401347128009,0.407844605650041,0.133,0.067,1,"LRRC46","NS"
"TRAP1",0.394900325529366,0.296397671639467,0.467,0.531,1,"TRAP1","NS"
"BEX4",0.399270370157574,0.388616874513781,0.6,0.515,1,"BEX4","NS"
"ACADS",0.399813815035126,0.411977372763683,0.4,0.407,1,"ACADS","NS"
"E2F1",0.400007438153836,0.252427017635836,0.333,0.381,1,"E2F1","NS"
"PPM1G",0.400855110636568,0.268217301077182,0.733,0.778,1,"PPM1G","NS"
"ZNF24",0.402932715059652,0.276267945144094,0.733,0.711,1,"ZNF24","NS"
"CTSH",0.403539777821794,0.30892147555045,1,0.969,1,"CTSH","NS"
"MASTL",0.403561959799901,0.256135553212443,0.333,0.515,1,"MASTL","NS"
"UGCG",0.404866336346088,0.397240368775959,0.6,0.552,1,"UGCG","NS"
"DNAJC3",0.405883594524067,0.3079260094249,0.933,0.809,1,"DNAJC3","NS"
"SLC34A2",0.406042638930789,0.265560619463313,1,0.979,1,"SLC34A2","NS"
"CCS",0.406778770583273,0.299284384036299,0.733,0.691,1,"CCS","NS"
"HSPBP1",0.407889172794599,0.547636050651311,0.467,0.448,1,"HSPBP1","NS"
"BCKDHA",0.408274960205148,0.437934109912872,0.867,0.706,1,"BCKDHA","NS"
"POP5",0.410120963807796,0.353517594709432,0.533,0.557,1,"POP5","NS"
"ZNHIT2",0.411123834092742,0.269370236824674,0.333,0.418,1,"ZNHIT2","NS"
"TM9SF4",0.411194598132005,0.415824506701854,0.533,0.521,1,"TM9SF4","NS"
"TSG101",0.4127948870577,0.256521239050017,0.667,0.655,1,"TSG101","NS"
"TMEM175",0.417773988947593,0.322796655226123,0.267,0.314,1,"TMEM175","NS"
"IMPDH1",0.417899398648086,0.268903603246753,0.333,0.366,1,"IMPDH1","NS"
"ILF3",0.417988632069698,0.25560246804148,1,0.845,1,"ILF3","NS"
"PSMF1",0.418573899968345,0.299922419904716,0.867,0.768,1,"PSMF1","NS"
"TMEM150A",0.418597349045275,0.287130018059848,0.733,0.675,1,"TMEM150A","NS"
"COQ4",0.420075238595832,0.355796736744529,0.6,0.588,1,"COQ4","NS"
"CDK9",0.420861435288074,0.258362675232161,0.333,0.366,1,"CDK9","NS"
"TST",0.421514744975085,0.263087580354165,0.467,0.5,1,"TST","NS"
"SMURF1",0.422649264032436,0.257253166541618,0.4,0.49,1,"SMURF1","NS"
"ACTG1",0.423789029896812,0.583254268406808,1,0.969,1,"ACTG1","NS"
"KANSL3",0.424939962197343,0.315792761968013,0.333,0.448,1,"KANSL3","NS"
"CXorf40A",0.425018974920668,0.282098207533818,0.533,0.376,1,"CXorf40A","NS"
"SPG7",0.426188296424775,0.297233839355558,0.333,0.454,1,"SPG7","NS"
"ING4",0.42714687931802,0.331958431653854,0.267,0.314,1,"ING4","NS"
"BEX2",0.427818813103432,0.431691382814182,0.6,0.479,1,"BEX2","NS"
"ARMC8",0.42827108171285,0.301724602385224,0.4,0.418,1,"ARMC8","NS"
"SEMA4D",0.429826435704506,0.26648124734101,0.267,0.335,1,"SEMA4D","NS"
"PRDX3",0.430571615031855,0.264139785633857,0.733,0.66,1,"PRDX3","NS"
"SYTL1",0.431605369140823,0.320824332542089,0.333,0.371,1,"SYTL1","NS"
"TUT1",0.431647706229352,0.433196882193921,0.533,0.505,1,"TUT1","NS"
"EIF3D",0.432022086551955,0.254921137362442,0.733,0.68,1,"EIF3D","NS"
"KCNK5",0.432259474042653,0.295661920128896,0.533,0.572,1,"KCNK5","NS"
"PFKFB3",0.432483152589054,0.292944418416408,0.6,0.603,1,"PFKFB3","NS"
"TECPR1",0.43406663995957,0.274483291448874,0.533,0.407,1,"TECPR1","NS"
"KDM1A",0.437701335451408,0.254370742030671,0.6,0.557,1,"KDM1A","NS"
"PDLIM4",0.440332303425096,0.325368094195475,0.133,0.211,1,"PDLIM4","NS"
"CTSL",0.440660498088443,0.292096653736264,0.533,0.526,1,"CTSL","NS"
"SYS1",0.440886859850311,0.293278022543365,0.467,0.515,1,"SYS1","NS"
"MUC20",0.442892185307388,0.30889206875462,0.333,0.397,1,"MUC20","NS"
"ECI2",0.44504676105006,0.366899202725684,0.467,0.541,1,"ECI2","NS"
"AIFM2",0.445435775654425,0.257981782693611,0.2,0.263,1,"AIFM2","NS"
"WBP1L",0.447046293844831,0.261642172249701,0.467,0.536,1,"WBP1L","NS"
"TMEM98",0.447519700354327,0.329150916670035,0.333,0.356,1,"TMEM98","NS"
"LOC284023",0.4501389728311,0.255713099315107,0.267,0.32,1,"LOC284023","NS"
"ZNF335",0.456278789481406,0.289093457671736,0.333,0.381,1,"ZNF335","NS"
"MARCH2",0.457509589764946,0.306500608136823,0.533,0.526,1,"MARCH2","NS"
"DUSP3",0.463549688299452,0.315089900850943,0.667,0.655,1,"DUSP3","NS"
"RNF20",0.464767410711775,0.352239969703302,0.467,0.49,1,"RNF20","NS"
"DCN",0.465145410396511,0.250834082804558,0.067,0.129,1,"DCN","NS"
"UPK3B",0.465553437498648,0.263637707360694,0.267,0.289,1,"UPK3B","NS"
"WWP2",0.468176624935075,0.353158780118322,0.667,0.598,1,"WWP2","NS"
"GSN",0.468390896528523,0.305870880901694,0.467,0.546,1,"GSN","NS"
"ILK",0.470952567462935,0.305154508676205,0.6,0.577,1,"ILK","NS"
"CHRNB1",0.47179466426424,0.3527814468593,0.333,0.381,1,"CHRNB1","NS"
"COPS4",0.472201897730511,0.334483682482979,0.333,0.345,1,"COPS4","NS"
"CTGF",0.474344592106553,0.37007343496945,0.4,0.448,1,"CTGF","NS"
"DAPK3",0.47541576272124,0.461183918179315,0.6,0.49,1,"DAPK3","NS"
"CHMP1B",0.475505736387849,0.251482363422541,0.933,0.804,1,"CHMP1B","NS"
"RPS19BP1",0.478470099321339,0.251097338686946,0.733,0.83,1,"RPS19BP1","NS"
"PTCH2",0.478745294043663,0.264559182981888,0.133,0.186,1,"PTCH2","NS"
"ZDHHC24",0.479685415146111,0.261972042806971,0.267,0.32,1,"ZDHHC24","NS"
"ISOC2",0.484102053957129,0.398807857860832,0.6,0.593,1,"ISOC2","NS"
"GPR108",0.484990206536293,0.267735492940339,0.867,0.753,1,"GPR108","NS"
"CNIH1",0.489605094589258,0.277886526977778,0.533,0.5,1,"CNIH1","NS"
"HBEGF",0.489922891757974,0.405086592558871,0.8,0.845,1,"HBEGF","NS"
"C12orf49",0.491962645863982,0.533979123173188,0.867,0.665,1,"C12orf49","NS"
"LTBP3",0.492613579070852,0.261643032501348,0.8,0.706,1,"LTBP3","NS"
"SYNE2",0.493211448774131,0.300202138361913,0.8,0.799,1,"SYNE2","NS"
"IDH2",0.493404121707338,0.252672662735002,0.933,0.639,1,"IDH2","NS"
"C11orf71",0.493988575640038,0.259432479067319,0.333,0.371,1,"C11orf71","NS"
"FAM134C",0.494356759375473,0.377072466596402,0.467,0.49,1,"FAM134C","NS"
"G6PC3",0.495243556456075,0.307286315797254,0.467,0.448,1,"G6PC3","NS"
"OSBPL2",0.497606994777048,0.298844996178105,0.667,0.732,1,"OSBPL2","NS"
"ATP5D",0.499066223321882,0.296258875003586,0.933,0.918,1,"ATP5D","NS"
"AKAP9",0.499169486416952,0.363944713308239,1,0.959,1,"AKAP9","NS"
"MLF2",0.5008994531692,0.275377371137421,0.867,0.727,1,"MLF2","NS"
"GPX3",0.504129264699622,0.330805371911749,0.667,0.649,1,"GPX3","NS"
"RHBDD3",0.50497237453781,0.485663970268331,0.4,0.392,1,"RHBDD3","NS"
"IRF3",0.507060457894631,0.281107714720409,0.533,0.479,1,"IRF3","NS"
"C7orf50",0.507150374861343,0.279975919188626,0.867,0.866,1,"C7orf50","NS"
"PTOV1",0.507764842213796,0.396598683471691,0.733,0.701,1,"PTOV1","NS"
"THAP3",0.509885094432844,0.339054455799,0.333,0.34,1,"THAP3","NS"
"EGFR",0.510367430078907,0.322574281948245,0.8,0.691,1,"EGFR","NS"
"UBXN1",0.511304159366715,0.284837616476408,0.933,0.851,1,"UBXN1","NS"
"TRAF3IP1",0.513095679715697,0.256566995141713,0.333,0.428,1,"TRAF3IP1","NS"
"ZC3H12A",0.513589419543655,0.345504212913031,0.667,0.66,1,"ZC3H12A","NS"
"CMBL",0.513589419543655,0.355539372665794,0.8,0.649,1,"CMBL","NS"
"HEXIM2",0.517959838982865,0.275266604028674,0.267,0.289,1,"HEXIM2","NS"
"TINF2",0.519999169641513,0.258481807101502,0.533,0.521,1,"TINF2","NS"
"C5orf49",0.521652611877069,0.264124804022319,0.067,0.124,1,"C5orf49","NS"
"PLEKHG4B",0.524133389213457,0.279494061454569,0.6,0.613,1,"PLEKHG4B","NS"
"TMED9",0.527581761297528,0.264232329266476,1,0.902,1,"TMED9","NS"
"DDA1",0.529318067360606,0.252847769492358,0.867,0.619,1,"DDA1","NS"
"TAOK2",0.529481051586761,0.259310336991071,0.6,0.577,1,"TAOK2","NS"
"GTPBP4",0.53012543960213,0.354901620036724,0.6,0.557,1,"GTPBP4","NS"
"RAB25",0.531597213415781,0.379814471544268,0.933,0.861,1,"RAB25","NS"
"FAM174A",0.53207991384973,0.43361614399987,0.4,0.247,1,"FAM174A","NS"
"HSPA9",0.533415450673792,0.277718975990602,1,0.907,1,"HSPA9","NS"
"SLC7A8",0.533558345274719,0.311731986895247,0.333,0.33,1,"SLC7A8","NS"
"PITPNA",0.538346995132754,0.25890384618542,0.4,0.376,1,"PITPNA","NS"
"ZNF330",0.539119951989572,0.278832422800285,0.667,0.577,1,"ZNF330","NS"
"TMEM41B",0.539439718216069,0.344882444202049,0.667,0.649,1,"TMEM41B","NS"
"PTGES",0.540728079693245,0.376876756475336,0.2,0.237,1,"PTGES","NS"
"THUMPD3-AS1",0.544314664813474,0.294151558281077,0.733,0.84,1,"THUMPD3-AS1","NS"
"SGSM3",0.544416505176206,0.366612508154833,0.533,0.479,1,"SGSM3","NS"
"SMG5",0.548456994637648,0.254709296980224,0.733,0.644,1,"SMG5","NS"
"RAB22A",0.549269172820961,0.287129950229909,0.667,0.572,1,"RAB22A","NS"
"HERC6",0.550077294205706,0.262983605452506,0.467,0.531,1,"HERC6","NS"
"HACD3",0.550864707471553,0.328334531337174,0.867,0.737,1,"HACD3","NS"
"GHITM",0.55186054382503,0.284255988089385,0.867,0.768,1,"GHITM","NS"
"GYS1",0.555988641600323,0.255507320004367,0.267,0.314,1,"GYS1","NS"
"LIMK2",0.556489410396135,0.31531924349969,0.667,0.582,1,"LIMK2","NS"
"FOXA2",0.557582971566705,0.256060773147743,0.8,0.83,1,"FOXA2","NS"
"SULT2B1",0.559633024407895,0.300236209568909,0.6,0.479,1,"SULT2B1","NS"
"EWSR1",0.561290540145253,0.294078893896837,0.667,0.66,1,"EWSR1","NS"
"SHISA2",0.561660042250786,0.296582131057268,0.333,0.222,1,"SHISA2","NS"
"ARHGEF1",0.562598548058694,0.305907964436119,0.667,0.598,1,"ARHGEF1","NS"
"EPHA2",0.562598548058694,0.312971526981989,0.667,0.598,1,"EPHA2","NS"
"SNX17",0.563287297831816,0.270638885584681,0.733,0.639,1,"SNX17","NS"
"C3orf58",0.570950098352216,0.286830117606058,0.4,0.397,1,"C3orf58","NS"
"IRF7",0.574804414535457,0.374611463703935,0.867,0.732,1,"IRF7","NS"
"PPA1",0.575784460999615,0.251414091632916,0.933,0.83,1,"PPA1","NS"
"AGO1",0.578284104270782,0.261531805680637,0.333,0.371,1,"AGO1","NS"
"ID4",0.578999746269675,0.410073732447,0.8,0.727,1,"ID4","NS"
"NOB1",0.580336220521565,0.257559686096665,0.6,0.593,1,"NOB1","NS"
"CASP2",0.580365666116718,0.436786295501971,0.667,0.557,1,"CASP2","NS"
"RANBP17",0.581144923626048,0.254793325597075,0.2,0.253,1,"RANBP17","NS"
"MDC1",0.583181883855888,0.380391307937237,0.467,0.33,1,"MDC1","NS"
"PMPCB",0.583537892992195,0.295597419638697,0.6,0.562,1,"PMPCB","NS"
"POGK",0.583601303268649,0.338749956640104,0.467,0.459,1,"POGK","NS"
"FAM213A",0.584563222298725,0.868299979138807,0.667,0.552,1,"FAM213A","NS"
"NEDD4L",0.593354769910112,0.263076827925204,0.8,0.67,1,"NEDD4L","NS"
"GALK1",0.596140948342137,0.610333762296007,0.267,0.289,1,"GALK1","NS"
"ARRB1",0.599123334917692,0.374751065569058,0.733,0.619,1,"ARRB1","NS"
"PUF60",0.599423591334744,0.359852161210108,0.867,0.732,1,"PUF60","NS"
"CENPBD1P1",0.604085237170289,0.252290191713159,0.267,0.304,1,"CENPBD1P1","NS"
"COL6A1",0.604562359536407,0.318853933137096,0.6,0.474,1,"COL6A1","NS"
"PDHB",0.605425000382082,0.376743283450807,0.6,0.557,1,"PDHB","NS"
"RFC2",0.607065940063789,0.305331430009199,0.333,0.335,1,"RFC2","NS"
"UCKL1",0.608081567368506,0.502102663508668,0.467,0.428,1,"UCKL1","NS"
"C14orf1",0.608242834272955,0.302966813849,0.8,0.686,1,"C14orf1","NS"
"MFSD10",0.61065908409193,0.439376267753351,0.8,0.598,1,"MFSD10","NS"
"CLNS1A",0.617083406832829,0.285184957621722,0.733,0.649,1,"CLNS1A","NS"
"GGT6",0.619907688920343,0.253429672357545,0.533,0.531,1,"GGT6","NS"
"CTSE",0.620808845699047,0.386708554970468,0.8,0.722,1,"CTSE","NS"
"SF3B2",0.621087385098844,0.854445395383129,1,0.897,1,"SF3B2","NS"
"STK17B",0.623242566838798,0.259785617820649,0.867,0.809,1,"STK17B","NS"
"GMPPA",0.62552611571536,0.517744227415498,0.8,0.603,1,"GMPPA","NS"
"ZNF827",0.628184676458802,0.26482702679987,0.6,0.526,1,"ZNF827","NS"
"PYCRL",0.630594652348259,0.267129304596822,0.267,0.186,1,"PYCRL","NS"
"REEP1",0.635971673298587,0.284287970527641,0.2,0.247,1,"REEP1","NS"
"CLIC3",0.637827613863411,0.38822161943771,0.733,0.763,1,"CLIC3","NS"
"NUDT16",0.639919484924083,0.319502642544472,0.667,0.634,1,"NUDT16","NS"
"HELZ2",0.643172577410519,0.270907590989206,0.4,0.273,1,"HELZ2","NS"
"DLX3",0.647083742659276,0.315616011128936,0.267,0.289,1,"DLX3","NS"
"CTBP1",0.650344677736126,0.267186604399026,0.867,0.742,1,"CTBP1","NS"
"MSRB1",0.656465383042196,0.317587993271496,0.667,0.552,1,"MSRB1","NS"
"TMED1",0.664373731296637,0.255570167930027,0.733,0.541,1,"TMED1","NS"
"ST3GAL2",0.666220717641233,0.264785674733984,0.467,0.335,1,"ST3GAL2","NS"
"SESN2",0.667536685620475,0.294562692135832,0.2,0.284,1,"SESN2","NS"
"TMCC1",0.674074318453671,0.266612522452308,0.467,0.495,1,"TMCC1","NS"
"ZNF503",0.674725209933448,0.332956005419445,0.533,0.541,1,"ZNF503","NS"
"FCGRT",0.680973387959649,0.335662322729198,0.8,0.691,1,"FCGRT","NS"
"VAC14",0.685619398639166,0.256083053263209,0.6,0.562,1,"VAC14","NS"
"CAPS",0.68717468257282,1.09359078263213,0.267,0.191,1,"CAPS","NS"
"SS18",0.689578149522049,0.349702718596976,0.467,0.479,1,"SS18","NS"
"CCDC124",0.694409519938548,0.337923849221832,0.867,0.845,1,"CCDC124","NS"
"SUMF2",0.696412185861425,0.418465544255002,0.933,0.696,1,"SUMF2","NS"
"TUBB3",0.697252570777843,0.34993169070498,0.467,0.433,1,"TUBB3","NS"
"TMEM130",0.702600124206408,0.279556326977731,0.533,0.51,1,"TMEM130","NS"
"MLST8",0.705031592905792,0.385616111392644,0.733,0.582,1,"MLST8","NS"
"C19orf25",0.705909199827042,0.258850052407052,0.533,0.392,1,"C19orf25","NS"
"GEMIN8",0.708863157138282,0.272561740006018,0.267,0.278,1,"GEMIN8","NS"
"SMPD2",0.708863157138282,0.274833387902528,0.4,0.268,1,"SMPD2","NS"
"DNAJC5",0.708910191795866,0.306911610207265,0.467,0.438,1,"DNAJC5","NS"
"SP110",0.710076036088499,0.288961728058277,0.867,0.784,1,"SP110","NS"
"DMAP1",0.711646010020091,0.332883534127724,0.667,0.521,1,"DMAP1","NS"
"TMEM263",0.711867319396864,0.26916982822506,0.867,0.716,1,"TMEM263","NS"
"BAG1",0.712719516049718,0.259170172049549,0.8,0.696,1,"BAG1","NS"
"WDR83",0.720602056687896,0.263080965694549,0.333,0.33,1,"WDR83","NS"
"PIFO",0.723658805376282,0.404696154953883,0.133,0.103,1,"PIFO","NS"
"UNC45A",0.724600860975166,0.379687903855939,0.4,0.361,1,"UNC45A","NS"
"TRIM26",0.726072774266235,0.278230596612333,0.533,0.557,1,"TRIM26","NS"
"FOXQ1",0.741206417052759,0.398478090780058,0.867,0.686,1,"FOXQ1","NS"
"CCDC86",0.745647899454257,0.303382507014772,0.4,0.33,1,"CCDC86","NS"
"UBE2J2",0.753985745722125,0.300039267251259,0.8,0.624,1,"UBE2J2","NS"
"FBXO6",0.756990630273596,0.268707628125168,0.467,0.412,1,"FBXO6","NS"
"AGFG2",0.758540306157288,0.267519068219844,0.267,0.201,1,"AGFG2","NS"
"PEG10",0.759565610304136,0.329882505632772,0.8,0.742,1,"PEG10","NS"
"GTPBP2",0.763503335704583,0.254713415946301,0.4,0.361,1,"GTPBP2","NS"
"ZMIZ2",0.764336409125483,0.358338950550909,0.733,0.593,1,"ZMIZ2","NS"
"S1PR2",0.767564685883152,0.268580350326302,0.6,0.459,1,"S1PR2","NS"
"KRT17",0.769032407558346,0.644962386999599,0.133,0.108,1,"KRT17","NS"
"MPZL2",0.76984554156239,0.471603214199589,0.667,0.603,1,"MPZL2","NS"
"SUN2",0.771442991939422,0.427433395932886,0.333,0.304,1,"SUN2","NS"
"HTATIP2",0.772733196742925,0.308897675682793,0.6,0.515,1,"HTATIP2","NS"
"DDX42",0.773993101846913,0.282701440313325,0.533,0.407,1,"DDX42","NS"
"PRSS16",0.777510002446734,0.265553795338382,0.4,0.351,1,"PRSS16","NS"
"ZBTB8A",0.782790597879684,0.258912762642557,0.333,0.34,1,"ZBTB8A","NS"
"EIF2D",0.79014766100172,0.263171507293149,0.667,0.479,1,"EIF2D","NS"
"SENP5",0.794644320708428,0.429606434644883,0.667,0.49,1,"SENP5","NS"
"TUSC3",0.799695869118189,0.271856006140678,0.133,0.103,1,"TUSC3","NS"
"PTPRE",0.805591069091186,0.315315320892241,0.533,0.588,1,"PTPRE","NS"
"SENP6",0.806254863662812,0.283136557671827,0.667,0.634,1,"SENP6","NS"
"SLC9A3R1",0.808885544769138,0.325764501123705,0.733,0.655,1,"SLC9A3R1","NS"
"PLXNA1",0.816195953512681,0.304871647476225,0.467,0.433,1,"PLXNA1","NS"
"CXCL2",0.826796009558495,0.302190759939412,0.6,0.577,1,"CXCL2","NS"
"PDLIM2",0.83015361233889,0.469717825764745,0.733,0.562,1,"PDLIM2","NS"
"LTF",0.830585147480056,0.393821549706436,0.267,0.325,1,"LTF","NS"
"PNN",0.830990919720194,0.277561805444292,0.667,0.701,1,"PNN","NS"
"TUBB4B",0.833242467281786,0.299009887543523,1,0.912,1,"TUBB4B","NS"
"STK17A",0.834443439628231,0.344379166464504,0.933,0.799,1,"STK17A","NS"
"DNASE1L1",0.836712668600267,0.267020377406015,0.467,0.407,1,"DNASE1L1","NS"
"CREB3",0.842094747135621,0.309778887508356,0.733,0.51,1,"CREB3","NS"
"IFIH1",0.846783355394948,0.251517626525804,0.667,0.629,1,"IFIH1","NS"
"SCRN2",0.849302524959825,0.414633087659118,0.467,0.376,1,"SCRN2","NS"
"KIAA1683",0.850494820987858,0.579567064911334,0.733,0.629,1,"KIAA1683","NS"
"IGFBP4",0.856050900663098,0.25023428226084,0.267,0.258,1,"IGFBP4","NS"
"ERBB3",0.86385906291237,0.340333966828956,0.867,0.778,1,"ERBB3","NS"
"KMT2E-AS1",0.864332983315178,0.318410888669563,0.8,0.686,1,"KMT2E-AS1","NS"
"TCIRG1",0.866686550648815,0.270200969906094,0.667,0.531,1,"TCIRG1","NS"
"ARMCX6",0.871021258711344,0.375030676733429,0.333,0.325,1,"ARMCX6","NS"
"FOXJ1",0.874738451726166,0.26238063313498,0.533,0.366,1,"FOXJ1","NS"
"DDX56",0.878496281546884,0.301546545358112,0.8,0.686,1,"DDX56","NS"
"CAPG",0.880350494950837,0.295579865001324,0.867,0.686,1,"CAPG","NS"
"OSCP1",0.881652294267523,0.275304622756463,0.267,0.247,1,"OSCP1","NS"
"GMPPB",0.893915696727758,0.603315973876466,0.267,0.253,1,"GMPPB","NS"
"SIGIRR",0.90044471868839,0.270614097986741,0.8,0.541,1,"SIGIRR","NS"
"PPP1R3D",0.904549166993081,0.307879102239555,0.133,0.144,1,"PPP1R3D","NS"
"UBE2G2",0.908896819161882,0.26307549087414,0.867,0.696,1,"UBE2G2","NS"
"PLTP",0.920303877830603,0.38136641817986,0.2,0.191,1,"PLTP","NS"
"MX1",0.920436211108876,0.295391226254319,0.867,0.845,1,"MX1","NS"
"SEMA4A",0.921590996676801,0.454789452756463,0.533,0.418,1,"SEMA4A","NS"
"ZGPAT",0.924695847700717,0.260008343334005,0.4,0.335,1,"ZGPAT","NS"
"ATG9A",0.924771065890671,0.285588392548929,0.4,0.371,1,"ATG9A","NS"
"HMBS",0.930648302265067,0.265486691493156,0.333,0.273,1,"HMBS","NS"
"YWHAG",0.934026870642331,0.261278112384373,0.733,0.732,1,"YWHAG","NS"
"OSGIN1",0.934154101742418,0.254780034496878,0.4,0.356,1,"OSGIN1","NS"
"POU2F1",0.93826097282751,0.313534251567593,0.4,0.356,1,"POU2F1","NS"
"HYAL2",0.945677370145751,0.250897215148155,0.533,0.438,1,"HYAL2","NS"
"FAM32A",0.949995640923742,0.343881954386937,0.933,0.706,1,"FAM32A","NS"
"CACNA2D2",0.950955685327873,0.260629185646209,0.6,0.624,1,"CACNA2D2","NS"
"LEKR1",0.954535916781909,0.258680186934324,0.333,0.304,1,"LEKR1","NS"
"HIST1H2AM",0.955819050328722,0.36487585167804,0.467,0.464,1,"HIST1H2AM","NS"
"CPTP",0.956826490936369,0.338305749256616,0.533,0.418,1,"CPTP","NS"
"THOC6",0.957440905332114,0.282594488527667,0.733,0.541,1,"THOC6","NS"
"LOC284454",0.960231000707359,0.37361577157952,0.667,0.644,1,"LOC284454","NS"
"NDUFAF1",0.964552757100656,0.268559900014755,0.4,0.34,1,"NDUFAF1","NS"
"IQCE",0.981935694021141,0.484216618100493,0.467,0.387,1,"IQCE","NS"
"PACSIN3",0.982786475549007,0.293633014143036,0.6,0.464,1,"PACSIN3","NS"
"MYD88",0.983339747194479,0.359800186594972,0.667,0.546,1,"MYD88","NS"
"VMP1",0.984030082857397,0.2628886226817,0.867,0.799,1,"VMP1","NS"
"ZNF503-AS2",0.990749805870167,0.269974803210806,0.133,0.124,1,"ZNF503-AS2","NS"
"LRRC47",0.994494242741965,0.285557632192272,0.6,0.582,1,"LRRC47","NS"
"RFX5",0.998108153705383,0.264652969210137,0.6,0.49,1,"RFX5","NS"
"LARP1",1,0.392906654383334,0.933,0.675,1,"LARP1","NS"
