"","p_val","avg_logFC","pct.1","pct.2","p_val_adj","naive pt.occupancy","naive n.nonzero.pts","grouped_pr pt.occupancy","grouped_pr n.nonzero.pts","gene","sig"
"AQP4",5.16700069028155e-148,2.56433749570054,0.138,0.729,1.36848013282107e-143,0.493243243243243,9,0.436450839328537,9,"AQP4","p_val_adj<0.05"
"SFTPD",1.63661416359159e-125,2.17010834599248,0.194,0.747,4.33457261227233e-121,0.682692307692308,9,0.405152224824356,8,"SFTPD","p_val_adj<0.05"
"CLDN18",1.79407644393864e-99,2.09028523826941,0.026,0.43,4.75161146177148e-95,0.357142857142857,7,0.735772357723577,8,"CLDN18","p_val_adj<0.05"
"RGS16",1.22929021623483e-124,1.84355973451905,0.327,0.815,3.25577513769795e-120,0.512820512820513,11,0.388412017167382,8,"RGS16","p_val_adj<0.05"
"SFTPC",1.87232804661952e-47,1.80328194374904,0.037,0.278,4.9588608314718e-43,0.25,10,0.49685534591195,6,"SFTPC","p_val_adj<0.05"
"AGER",3.1025582238221e-88,1.78054151246306,0.066,0.465,8.21712545579284e-84,0.492957746478873,10,0.642857142857143,7,"AGER","p_val_adj<0.05"
"C1orf116",3.05021565086581e-165,1.64970974181031,0.384,0.92,8.07849615131811e-161,0.366504854368932,11,0.355513307984791,9,"C1orf116","p_val_adj<0.05"
"SUSD2",2.59064889094383e-192,1.61064971988607,0.108,0.823,6.86133358766473e-188,0.456896551724138,10,0.37791932059448,8,"SUSD2","p_val_adj<0.05"
"SCGB3A1",1.02333301759095e-102,1.4657403897749,0.281,0.792,2.71029749708964e-98,0.599337748344371,11,0.381898454746137,7,"SCGB3A1","p_val_adj<0.05"
"MSLN",2.23016840255402e-105,1.46414385695314,0.18,0.689,5.90660101416433e-101,0.507772020725389,9,0.461928934010152,7,"MSLN","p_val_adj<0.05"
"CAV1",6.34809992403759e-93,1.43119116190645,0.116,0.556,1.68129426488136e-88,0.467741935483871,12,0.518867924528302,8,"CAV1","p_val_adj<0.05"
"CPM",7.11588287639663e-141,1.41841148799995,0.303,0.858,1.88464157981365e-136,0.516923076923077,12,0.362525458248472,10,"CPM","p_val_adj<0.05"
"HLA-DPB1",3.83109212161584e-100,1.38652563012706,0.479,0.858,1.01466474840996e-95,0.40272373540856,12,0.34826883910387,8,"HLA-DPB1","p_val_adj<0.05"
"EFNA1",7.73473162394542e-89,1.38557861260792,0.747,0.946,2.04854367060195e-84,0.3458177278402,12,0.353049907578558,9,"EFNA1","p_val_adj<0.05"
"CADM1",2.33869822016062e-146,1.37895235286323,0.159,0.766,6.1940422360954e-142,0.421052631578947,12,0.383561643835616,8,"CADM1","p_val_adj<0.05"
"C3",1.37763667430408e-65,1.28098757919598,0.401,0.726,3.64867073189435e-61,0.434883720930233,12,0.412048192771084,8,"C3","p_val_adj<0.05"
"EMP2",9.88141696055432e-98,1.26695770304174,0.83,0.976,2.61709328200281e-93,0.34006734006734,12,0.344086021505376,9,"EMP2","p_val_adj<0.05"
"ATP13A4",3.32245334183169e-115,1.24626281178509,0.375,0.867,8.79951767584122e-111,0.465174129353234,10,0.360887096774194,8,"ATP13A4","p_val_adj<0.05"
"HSD17B6",5.9913790021682e-82,1.17200724617585,0.089,0.493,1.58681672872425e-77,0.715789473684211,11,0.439716312056738,8,"HSD17B6","p_val_adj<0.05"
"HLA-DMA",6.60050669538476e-87,1.16699450546937,0.606,0.909,1.74814419827265e-82,0.384615384615385,12,0.336538461538462,9,"HLA-DMA","p_val_adj<0.05"
"SELENBP1",5.25542994103241e-80,1.16613941311813,0.698,0.907,1.39190061988243e-75,0.397863818424566,13,0.364161849710983,9,"SELENBP1","p_val_adj<0.05"
"MUC1",9.55713969081623e-123,1.13677943273974,0.815,0.981,2.53120844711268e-118,0.345142857142857,12,0.338680926916221,10,"MUC1","p_val_adj<0.05"
"FOLR1",1.04017324659421e-103,1.11664490388687,0.377,0.892,2.75489884360477e-99,0.540740740740741,11,0.350980392156863,9,"FOLR1","p_val_adj<0.05"
"SCGB3A2",5.35587257746179e-32,1.08247362869115,0.224,0.521,1.41850285214076e-27,0.904166666666667,9,0.530201342281879,8,"SCGB3A2","p_val_adj<0.05"
"FLRT3",1.67193946055338e-160,0.96482110903738,0.062,0.684,4.42813166127563e-156,0.253731343283582,9,0.38618925831202,9,"FLRT3","p_val_adj<0.05"
"CD55",7.97135664388314e-23,0.963871365746395,0.911,0.948,2.11121380713245e-18,0.339815762538383,12,0.35239852398524,10,"CD55","p_val_adj<0.05"
"GAS6",6.69037793010007e-89,0.942655516200216,0.223,0.684,1.771946594787e-84,0.359832635983264,12,0.416879795396419,8,"GAS6","p_val_adj<0.05"
"CTSE",1.28276599529824e-67,0.941429984835659,0.159,0.575,3.3974057385474e-63,0.795321637426901,9,0.425531914893617,8,"CTSE","p_val_adj<0.05"
"HLA-DMB",3.69989714504321e-76,0.939307723749875,0.269,0.708,9.79917758864694e-72,0.543252595155709,11,0.348148148148148,9,"HLA-DMB","p_val_adj<0.05"
"DLC1",1.60334098469963e-65,0.924175803095513,0.238,0.64,4.24644859797698e-61,0.623529411764706,9,0.409836065573771,8,"DLC1","p_val_adj<0.05"
"LMO7",5.3132149986269e-58,0.918883411647336,0.726,0.916,1.40720499238634e-53,0.302952503209243,12,0.364503816793893,9,"LMO7","p_val_adj<0.05"
"CXCL14",1.62127200613845e-17,0.896971569280761,0.235,0.425,4.29393890825769e-13,0.674603174603175,7,0.423868312757202,7,"CXCL14","p_val_adj<0.05"
"MRPL14",4.9302687078605e-64,0.892988347266721,0.733,0.9,1.30578166727685e-59,0.317662007623888,13,0.363106796116505,10,"MRPL14","p_val_adj<0.05"
"CLIC3",1.65698920160888e-107,0.883942163684047,0.129,0.635,4.38853590046112e-103,0.347826086956522,12,0.40771349862259,8,"CLIC3","p_val_adj<0.05"
"RNASE1",1.0398451614202e-21,0.873506009897503,0.608,0.855,2.7540299100214e-17,0.544478527607362,13,0.349693251533742,8,"RNASE1","p_val_adj<0.05"
"SRRM2",1.64961482043511e-60,0.866698536614145,0.834,0.97,4.36900485192238e-56,0.309497206703911,12,0.338738738738739,9,"SRRM2","p_val_adj<0.05"
"GSTM3",1.65454428265309e-57,0.866352619697938,0.182,0.538,4.38206053260671e-53,0.492307692307692,10,0.525974025974026,9,"GSTM3","p_val_adj<0.05"
"SFTPB",2.82291122389128e-69,0.856465174053962,0.416,0.858,7.47648037647606e-65,0.493273542600897,9,0.374745417515275,8,"SFTPB","p_val_adj<0.05"
"AQP1",2.30444375210983e-92,0.85642124566578,0.147,0.61,6.10331927746288e-88,0.493670886075949,9,0.489971346704871,7,"AQP1","p_val_adj<0.05"
"MALAT1",6.22868425526723e-74,0.848100963762707,0.983,0.998,1.64966702500752e-69,0.347867298578199,12,0.339754816112084,10,"MALAT1","p_val_adj<0.05"
"IDO1",1.75974557425481e-07,0.827823620617304,0.107,0.198,0.00466068615341386,0.478260869565217,7,0.380530973451327,6,"IDO1","p_val_adj<0.05"
"S100A14",4.53054149134669e-52,0.81888442516276,0.484,0.795,1.19991391398317e-47,0.441233140655106,13,0.367032967032967,8,"S100A14","p_val_adj<0.05"
"CLIC5",1.07344870218111e-53,0.817332594117907,0.144,0.463,2.84302888772667e-49,0.441558441558442,10,0.59622641509434,8,"CLIC5","p_val_adj<0.05"
"HLA-DPA1",1.50029634605962e-56,0.816975408205013,0.522,0.864,3.97353487253891e-52,0.532142857142857,12,0.356275303643725,9,"HLA-DPA1","p_val_adj<0.05"
"TP53I11",2.37280939583617e-72,0.814666817800283,0.422,0.799,6.2843856848721e-68,0.295805739514349,11,0.389496717724289,9,"TP53I11","p_val_adj<0.05"
"LIMCH1",3.553021870013e-56,0.808627303578073,0.582,0.827,9.41017842272944e-52,0.328525641025641,11,0.378435517970402,10,"LIMCH1","p_val_adj<0.05"
"SLC22A31",5.38165463357569e-75,0.806178044284165,0.238,0.691,1.42533122970252e-70,0.674509803921569,9,0.432911392405063,8,"SLC22A31","p_val_adj<0.05"
"TNS1",2.36188660862773e-104,0.799674967094467,0.281,0.788,6.25545668295054e-100,0.427152317880795,11,0.407982261640798,8,"TNS1","p_val_adj<0.05"
"PARD6B",6.32526692716586e-32,0.796787439505746,0.776,0.927,1.67524694565988e-27,0.315726290516206,12,0.349056603773585,10,"PARD6B","p_val_adj<0.05"
"PDE4C",3.60043286536552e-59,0.79311287813687,0.144,0.502,9.53574644392058e-55,0.329032258064516,11,0.54006968641115,8,"PDE4C","p_val_adj<0.05"
"MYLIP",1.86298782754144e-42,0.786835325770136,0.689,0.851,4.93412326124349e-38,0.355886332882273,12,0.371663244353183,9,"MYLIP","p_val_adj<0.05"
"TMEM125",4.55633957778102e-50,0.780685585671291,0.632,0.862,1.2067465371753e-45,0.352507374631268,12,0.354969574036511,8,"TMEM125","p_val_adj<0.05"
"TBC1D24",1.4179582380219e-87,0.775892167246467,0.227,0.694,3.75546239340101e-83,0.311475409836066,12,0.380352644836272,9,"TBC1D24","p_val_adj<0.05"
"SCNN1B",7.83865664851182e-82,0.77416583626419,0.228,0.68,2.07606821335836e-77,0.591836734693878,9,0.42159383033419,8,"SCNN1B","p_val_adj<0.05"
"JUN",2.63097340858394e-58,0.773921349532238,0.898,0.983,6.96813307263456e-54,0.349585062240664,12,0.343416370106762,10,"JUN","p_val_adj<0.05"
"AK1",4.90225349567059e-49,0.764819263863971,0.665,0.9,1.29836183832835e-44,0.341736694677871,13,0.357281553398058,10,"AK1","p_val_adj<0.05"
"SLC34A2",5.66832870655131e-33,0.756728987631008,0.864,0.911,1.50125685793012e-28,0.347357065803668,12,0.36468330134357,9,"SLC34A2","p_val_adj<0.05"
"BEX2",1.21009403591557e-70,0.751258758683794,0.179,0.612,3.20493405412238e-66,0.619791666666667,11,0.34,8,"BEX2","p_val_adj<0.05"
"CD74",8.98978653134967e-55,0.74835161524279,0.955,0.995,2.38094496282796e-50,0.345365853658537,12,0.340949033391916,10,"CD74","p_val_adj<0.05"
"SCPEP1",2.65435279678656e-38,0.748274797571538,0.512,0.79,7.03005338228921e-34,0.471766848816029,12,0.345132743362832,9,"SCPEP1","p_val_adj<0.05"
"SFTA3",5.7481766848729e-48,0.744136302172095,0.5,0.783,1.52240459498859e-43,0.414179104477612,10,0.397321428571429,8,"SFTA3","p_val_adj<0.05"
"NDNF",9.63054162118453e-37,0.743889305097851,0.212,0.467,2.55064894837072e-32,0.478070175438596,9,0.636704119850187,8,"NDNF","p_val_adj<0.05"
"PLXNA2",5.79447508859573e-71,0.741829732783065,0.262,0.678,1.53466672721458e-66,0.309608540925267,10,0.420103092783505,8,"PLXNA2","p_val_adj<0.05"
"ASS1",9.54466992768335e-64,0.736585036070542,0.387,0.766,2.52790583034694e-59,0.383132530120482,11,0.399543378995434,9,"ASS1","p_val_adj<0.05"
"PLEKHG2",7.64817878282292e-46,0.733509420435096,0.207,0.521,2.02562015063065e-41,0.373873873873874,9,0.419463087248322,6,"PLEKHG2","p_val_adj<0.05"
"CYP2B7P",2.18229822968357e-70,0.730207105006944,0.315,0.717,5.77981686131694e-66,0.458579881656805,9,0.414634146341463,8,"CYP2B7P","p_val_adj<0.05"
"CYP4B1",3.16879874303946e-37,0.728792807346511,0.391,0.75,8.39256347094002e-33,0.711904761904762,11,0.431235431235431,9,"CYP4B1","p_val_adj<0.05"
"DHCR24",1.70578176724255e-43,0.720469213477726,0.628,0.841,4.51776301054189e-39,0.341246290801187,12,0.365904365904366,9,"DHCR24","p_val_adj<0.05"
"HLA-DRA",3.10466983344961e-32,0.711133452827577,0.842,0.963,8.2227180538913e-28,0.355088495575221,12,0.339382940108893,10,"HLA-DRA","p_val_adj<0.05"
"TXNIP",1.52037040729525e-20,0.70794293961548,0.635,0.759,4.02670102372148e-16,0.365638766519824,13,0.382488479262673,8,"TXNIP","p_val_adj<0.05"
"SFTA2",6.31982241020932e-68,0.701109037022095,0.558,0.904,1.67380496534394e-63,0.474123539232053,13,0.353965183752418,8,"SFTA2","p_val_adj<0.05"
"PDGFA",6.81479983111958e-100,0.698965634576118,0.358,0.825,1.80489973527202e-95,0.341145833333333,10,0.372881355932203,9,"PDGFA","p_val_adj<0.05"
"KRT7",1.55604808154683e-48,0.687450117739157,0.7,0.946,4.12119334397677e-44,0.439414114513981,13,0.345656192236599,10,"KRT7","p_val_adj<0.05"
"PARP14",4.1117460951624e-31,0.686008766908615,0.754,0.9,1.08899595330376e-26,0.318912237330037,13,0.366990291262136,9,"PARP14","p_val_adj<0.05"
"LAPTM4B",3.15547714655985e-22,0.684334620450543,0.578,0.783,8.35728122266377e-18,0.401612903225806,12,0.328125,9,"LAPTM4B","p_val_adj<0.05"
"GSPT1",5.0554176845924e-60,0.679707884803135,0.701,0.934,1.3389273737643e-55,0.288563829787234,13,0.333333333333333,10,"GSPT1","p_val_adj<0.05"
"FAM46B",3.01987306524339e-67,0.670480350351184,0.147,0.533,7.99813381329711e-63,0.341772151898734,10,0.511475409836066,7,"FAM46B","p_val_adj<0.05"
"HBEGF",3.94842003566212e-15,0.657886997762589,0.455,0.619,1.04573904644511e-10,0.397540983606557,10,0.463276836158192,8,"HBEGF","p_val_adj<0.05"
"C4BPA",7.38336405284005e-49,0.648337763457931,0.336,0.717,1.95548396939469e-44,0.592797783933518,7,0.439024390243902,7,"C4BPA","p_val_adj<0.05"
"CAPN2",4.52092978726045e-52,0.647717888346473,0.853,0.956,1.19736825415593e-47,0.324590163934426,13,0.345521023765996,10,"CAPN2","p_val_adj<0.05"
"ICAM1",2.00170179088137e-39,0.647222603955101,0.576,0.867,5.30150719314932e-35,0.40453074433657,12,0.375,10,"ICAM1","p_val_adj<0.05"
"HSPB1",2.17663199189533e-29,0.645260320682348,0.92,0.983,5.76480983053479e-25,0.349544072948328,13,0.345195729537367,10,"HSPB1","p_val_adj<0.05"
"ABCA1",1.9070255154047e-75,0.644701333494662,0.212,0.629,5.05075707754934e-71,0.333333333333333,10,0.463888888888889,10,"ABCA1","p_val_adj<0.05"
"TOR1AIP2",2.05542587838079e-34,0.643757506881429,0.806,0.914,5.44379543889153e-30,0.332947976878613,13,0.34225621414914,10,"TOR1AIP2","p_val_adj<0.05"
"NGFRAP1",2.99698391914811e-71,0.641224254384721,0.459,0.841,7.93751190986377e-67,0.419878296146045,13,0.347193347193347,8,"NGFRAP1","p_val_adj<0.05"
"LRRN4",6.67882419996566e-66,0.638887871987521,0.084,0.435,1.76888658936091e-61,0.566666666666667,8,0.578313253012048,6,"LRRN4","p_val_adj<0.05"
"TMPRSS2",5.54609692650072e-44,0.636375704539636,0.499,0.771,1.46888377098372e-39,0.370093457943925,11,0.374149659863946,9,"TMPRSS2","p_val_adj<0.05"
"ABCA3",5.91132049709203e-58,0.631706323906043,0.149,0.503,1.56561323365482e-53,0.3875,9,0.34375,8,"ABCA3","p_val_adj<0.05"
"PPP1R10",7.95734316162306e-30,0.629812684800135,0.717,0.86,2.10750233635587e-25,0.315994798439532,12,0.371951219512195,9,"PPP1R10","p_val_adj<0.05"
"HLA-E",6.9781624286049e-32,0.624709401836828,0.897,0.979,1.84816631921601e-27,0.330218068535826,12,0.341071428571429,10,"HLA-E","p_val_adj<0.05"
"TFCP2L1",6.10490448426057e-90,0.624271826130749,0.174,0.636,1.61688395265641e-85,0.390374331550802,10,0.401098901098901,8,"TFCP2L1","p_val_adj<0.05"
"CRTAC1",6.97987305638411e-48,0.62402439157086,0.042,0.29,1.84861937898333e-43,0.511111111111111,7,0.765060240963855,7,"CRTAC1","p_val_adj<0.05"
"CEBPD",4.89411099296013e-05,0.622654624924999,0.85,0.883,1,0.354166666666667,12,0.364356435643564,8,"CEBPD","NS"
"TP53BP2",1.64278072623274e-50,0.617002525503529,0.318,0.636,4.3509047534274e-46,0.302052785923754,11,0.478021978021978,8,"TP53BP2","p_val_adj<0.05"
"ALDH2",1.61868841380637e-37,0.612492830198038,0.665,0.869,4.28709626396617e-33,0.315126050420168,11,0.372233400402414,9,"ALDH2","p_val_adj<0.05"
"FOXQ1",7.35255182838126e-56,0.610257371821091,0.316,0.71,1.94732335174678e-51,0.395280235988201,10,0.327586206896552,7,"FOXQ1","p_val_adj<0.05"
"GADD45B",2.799493633921e-05,0.610003560101326,0.763,0.781,0.741445888943978,0.335775335775336,12,0.409395973154362,8,"GADD45B","NS"
"CA2",4.4911114897324e-48,0.607558621811479,0.104,0.402,1.18947087805562e-43,0.366071428571429,10,0.508695652173913,6,"CA2","p_val_adj<0.05"
"MAGI3",9.08005004584591e-39,0.605462863936833,0.459,0.708,2.40485125464229e-34,0.393509127789047,11,0.432098765432099,7,"MAGI3","p_val_adj<0.05"
"GATA6",1.03133501005858e-92,0.605349459548325,0.162,0.628,2.73149077414015e-88,0.505747126436782,11,0.479108635097493,7,"GATA6","p_val_adj<0.05"
"ISG15",6.38525976502744e-06,0.598326083793867,0.829,0.692,0.169113604876752,0.344943820224719,12,0.454545454545455,10,"ISG15","NS"
"CRABP2",3.59403884297832e-82,0.596446921755294,0.116,0.542,9.51881187562808e-78,0.290322580645161,11,0.351612903225806,8,"CRABP2","p_val_adj<0.05"
"CLIC6",2.57223951210465e-62,0.595172568551132,0.361,0.76,6.81257634780917e-58,0.560723514211886,10,0.374712643678161,9,"CLIC6","p_val_adj<0.05"
"RRBP1",3.59819661279079e-35,0.595049825552931,0.853,0.92,9.52982372897641e-31,0.321311475409836,12,0.347908745247148,8,"RRBP1","p_val_adj<0.05"
"GLCCI1",1.10721889363176e-44,0.587199659373811,0.452,0.726,2.93246923978372e-40,0.37319587628866,12,0.421686746987952,9,"GLCCI1","p_val_adj<0.05"
"GLS",2.27429486694465e-57,0.585749339318953,0.504,0.843,6.02346995510292e-53,0.375231053604436,12,0.360995850622407,8,"GLS","p_val_adj<0.05"
"C1orf198",2.25035000872691e-62,0.585563269572658,0.376,0.76,5.96005199811322e-58,0.295285359801489,11,0.383908045977012,8,"C1orf198","p_val_adj<0.05"
"ATF3",2.55715505848591e-23,0.585453616065136,0.764,0.897,6.77262517239994e-19,0.334146341463415,12,0.368421052631579,10,"ATF3","p_val_adj<0.05"
"NUBP2",8.47478747626742e-37,0.58540542501935,0.474,0.747,2.24454746308943e-32,0.298624754420432,11,0.353629976580796,9,"NUBP2","p_val_adj<0.05"
"NECAB3",3.13258123147808e-49,0.582125251160993,0.264,0.589,8.29664139156971e-45,0.363957597173145,9,0.489614243323442,8,"NECAB3","p_val_adj<0.05"
"SDC4",1.89545580946994e-19,0.579867933759779,0.938,0.972,5.02011471138115e-15,0.333996023856859,13,0.345323741007194,9,"SDC4","p_val_adj<0.05"
"HLA-DRB1",7.74365743891055e-35,0.577320133355092,0.822,0.965,2.05090767269546e-30,0.366213151927438,12,0.346014492753623,10,"HLA-DRB1","p_val_adj<0.05"
"QPRT",2.93333349045882e-106,0.577308749508938,0.056,0.528,7.76893374948018e-102,0.266666666666667,11,0.360927152317881,8,"QPRT","p_val_adj<0.05"
"C6orf62",9.92625520530503e-33,0.566901557153522,0.789,0.927,2.62896869112504e-28,0.324675324675325,13,0.364150943396226,10,"C6orf62","p_val_adj<0.05"
"NKX2-1",2.50608280040908e-50,0.565578849457479,0.559,0.836,6.63736029688345e-46,0.481666666666667,10,0.361924686192469,8,"NKX2-1","p_val_adj<0.05"
"HP1BP3",1.62688510432507e-57,0.56509495065115,0.629,0.911,4.30880519880495e-53,0.379259259259259,13,0.335892514395393,10,"HP1BP3","p_val_adj<0.05"
"TUBA4A",2.72430166008375e-12,0.562901423115327,0.616,0.696,7.21531294673182e-08,0.288956127080182,12,0.452261306532663,8,"TUBA4A","p_val_adj<0.05"
"CEBPA",3.81035075169409e-85,0.559919390918643,0.141,0.584,1.00917139658618e-80,0.629139072847682,11,0.431137724550898,7,"CEBPA","p_val_adj<0.05"
"LSR",2.87546999977448e-24,0.557269886633331,0.799,0.907,7.61568229440271e-20,0.343057176196033,12,0.364161849710983,9,"LSR","p_val_adj<0.05"
"IRF1",1.11447144229585e-12,0.554067956404103,0.798,0.857,2.95167761492056e-08,0.321261682242991,12,0.36734693877551,10,"IRF1","p_val_adj<0.05"
"DCXR",6.50744976014209e-33,0.553112182030413,0.522,0.776,1.72349806897363e-28,0.435714285714286,11,0.342342342342342,9,"DCXR","p_val_adj<0.05"
"IFIT2",9.97566979292725e-17,0.55136241178493,0.138,0.299,2.64205614465678e-12,0.506756756756757,8,0.649122807017544,7,"IFIT2","p_val_adj<0.05"
"HLA-DQA2",4.20832571398495e-24,0.549723857015089,0.176,0.355,1.11457506534891e-19,0.470899470899471,9,0.738916256157635,6,"HLA-DQA2","p_val_adj<0.05"
"SPSB3",5.65024279282898e-44,0.547018218268855,0.404,0.717,1.49646680368076e-39,0.302540415704388,11,0.368292682926829,9,"SPSB3","p_val_adj<0.05"
"RBBP6",3.45031383298138e-40,0.546482246837359,0.701,0.906,9.13815618665118e-36,0.308510638297872,13,0.345559845559846,10,"RBBP6","p_val_adj<0.05"
"ANKRD29",3.66778384333122e-92,0.545936244589538,0.072,0.493,9.71412550906274e-88,0.662337662337662,8,0.588652482269504,8,"ANKRD29","p_val_adj<0.05"
"KCNJ15",1.31386967725051e-20,0.542653312107179,0.256,0.456,3.47978384019797e-16,0.505454545454545,10,0.609195402298851,8,"KCNJ15","p_val_adj<0.05"
"SOD3",1.2912715538855e-26,0.542091200156236,0.24,0.462,3.41993271046574e-22,0.666666666666667,12,0.534090909090909,8,"SOD3","p_val_adj<0.05"
"CLN3",3.4458457005957e-37,0.541029204247913,0.425,0.719,9.12632233802771e-33,0.324561403508772,11,0.40632603406326,9,"CLN3","p_val_adj<0.05"
"HNRNPU",2.85644809319028e-38,0.538167556289734,0.855,0.941,7.56530277481447e-34,0.317339149400218,12,0.345724907063197,10,"HNRNPU","p_val_adj<0.05"
"RSRP1",3.79379988785996e-11,0.537672702140711,0.716,0.806,1.00478790029971e-06,0.326822916666667,12,0.392624728850325,9,"RSRP1","p_val_adj<0.05"
"ESAM",2.42621361925607e-73,0.536433191373062,0.059,0.414,6.4258267705997e-69,0.317460317460317,10,0.362869198312236,8,"ESAM","p_val_adj<0.05"
"PRR15L",1.39833093188982e-49,0.536185098545653,0.291,0.656,3.70347947311019e-45,0.330128205128205,10,0.410666666666667,8,"PRR15L","p_val_adj<0.05"
"PRSS8",9.38185551857832e-41,0.534840730862955,0.508,0.848,2.48478443409547e-36,0.411009174311927,11,0.336082474226804,9,"PRSS8","p_val_adj<0.05"
"TACC1",6.90863978361303e-57,0.533739357881757,0.314,0.698,1.82975324668991e-52,0.409495548961424,11,0.348370927318296,8,"TACC1","p_val_adj<0.05"
"GSTA4",4.36425154583304e-58,0.533476258888083,0.206,0.586,1.15587202191388e-53,0.475113122171946,9,0.355223880597015,9,"GSTA4","p_val_adj<0.05"
"MIR614",5.14171508739601e-41,0.530508399654076,0.522,0.829,1.36178324089683e-36,0.4375,11,0.356540084388186,10,"MIR614","p_val_adj<0.05"
"VEPH1",4.87025134360619e-77,0.529124335793067,0.096,0.498,1.2898860683541e-72,0.524271844660194,8,0.550877192982456,8,"VEPH1","p_val_adj<0.05"
"CYBRD1",5.00923107545403e-60,0.528919964940848,0.275,0.666,1.326694850334e-55,0.569491525423729,11,0.446194225721785,8,"CYBRD1","p_val_adj<0.05"
"CXCL17",1.28552378435212e-24,0.528557168016935,0.663,0.865,3.40470974285659e-20,0.392405063291139,12,0.353535353535354,8,"CXCL17","p_val_adj<0.05"
"ICAM4",1.26971227415679e-49,0.528495136415118,0.286,0.622,3.36283295810425e-45,0.534201954397394,11,0.424157303370786,8,"ICAM4","p_val_adj<0.05"
"MDK",1.58327852244841e-17,0.52769923367365,0.729,0.862,4.19331316670461e-13,0.40920716112532,12,0.359026369168357,9,"MDK","p_val_adj<0.05"
"BFAR",1.03101677271218e-44,0.52730839819917,0.356,0.687,2.73064792252822e-40,0.358638743455497,11,0.396946564885496,8,"BFAR","p_val_adj<0.05"
"EIF3H",1.01754424150552e-24,0.524705196323441,0.662,0.843,2.69496592362736e-20,0.332394366197183,13,0.327800829875519,10,"EIF3H","p_val_adj<0.05"
"GPRC5A",1.61068258486137e-38,0.522297734752949,0.626,0.93,4.26589282600535e-34,0.452380952380952,12,0.349624060150376,10,"GPRC5A","p_val_adj<0.05"
"YPEL3",2.68824920658321e-41,0.517091502655748,0.582,0.832,7.11982802363562e-37,0.3696,12,0.355042016806723,10,"YPEL3","p_val_adj<0.05"
"KIAA1683",1.16751779661044e-17,0.51593780332265,0.347,0.545,3.09217088432276e-13,0.405913978494624,11,0.391025641025641,8,"KIAA1683","p_val_adj<0.05"
"PSMB2",2.75249019207913e-36,0.515473186843338,0.719,0.867,7.28997027372159e-32,0.325129533678756,13,0.344758064516129,10,"PSMB2","p_val_adj<0.05"
"HLA-B",3.21540858374628e-18,0.515023553797585,0.971,0.991,8.51600963405203e-14,0.332053742802303,12,0.342151675485009,10,"HLA-B","p_val_adj<0.05"
"PDXDC1",5.68074838926582e-47,0.51390166292048,0.561,0.836,1.50454621089705e-42,0.312292358803987,12,0.359832635983264,9,"PDXDC1","p_val_adj<0.05"
"TMEM37",3.81472151536678e-43,0.509743641899439,0.185,0.503,1.01032899334489e-38,0.522613065326633,8,0.40625,8,"TMEM37","p_val_adj<0.05"
"MRPL55",4.73988101044879e-25,0.50843792451547,0.68,0.806,1.25535748561736e-20,0.327397260273973,12,0.383947939262473,8,"MRPL55","p_val_adj<0.05"
"NOD1",9.30547213641504e-32,0.50432437665334,0.287,0.561,2.46455429532952e-27,0.581168831168831,10,0.495327102803738,8,"NOD1","p_val_adj<0.05"
"SRSF7",1.1379750478471e-23,0.503118973859011,0.717,0.867,3.01392691422306e-19,0.335500650195059,12,0.354838709677419,8,"SRSF7","p_val_adj<0.05"
"RPS27",5.66452011382933e-28,0.500609488235285,0.995,0.983,1.5002481521477e-23,0.348314606741573,13,0.343416370106762,10,"RPS27","p_val_adj<0.05"
"ELOVL1",7.02916387700991e-33,0.500556480742172,0.543,0.757,1.86167405282608e-28,0.312178387650086,11,0.348729792147806,9,"ELOVL1","p_val_adj<0.05"
"TPD52L1",2.56534404049719e-75,0.497973742347504,0.104,0.512,6.7943136912568e-71,0.455357142857143,8,0.433447098976109,9,"TPD52L1","p_val_adj<0.05"
"APRT",4.5467475747168e-29,0.496793134173116,0.744,0.872,1.20420609516374e-24,0.300751879699248,12,0.35871743486974,10,"APRT","p_val_adj<0.05"
"SLC39A7",3.31219220440535e-31,0.496614171782103,0.598,0.822,8.77234105336756e-27,0.336448598130841,12,0.348936170212766,9,"SLC39A7","p_val_adj<0.05"
"ARF1",4.11310619749832e-37,0.496328464094153,0.911,0.958,1.08935617640743e-32,0.320368474923234,13,0.348540145985401,9,"ARF1","p_val_adj<0.05"
"NTHL1",7.28703940345765e-25,0.496232371309968,0.367,0.579,1.92997238600576e-20,0.370558375634518,11,0.43202416918429,8,"NTHL1","p_val_adj<0.05"
"CDH1",7.83373600967394e-30,0.495026174240067,0.806,0.928,2.07476498216214e-25,0.317919075144509,12,0.352165725047081,10,"CDH1","p_val_adj<0.05"
"EEF1D",1.13126296371129e-26,0.493350490658572,0.873,0.953,2.99614995938936e-22,0.345784418356457,13,0.344954128440367,10,"EEF1D","p_val_adj<0.05"
"FBLN5",4.08983788740635e-23,0.492072318412728,0.254,0.481,1.08319356447957e-18,0.512820512820513,8,0.56,8,"FBLN5","p_val_adj<0.05"
"BAZ1B",7.19243194925459e-30,0.49134030417754,0.68,0.858,1.90491560176008e-25,0.373972602739726,12,0.372708757637475,10,"BAZ1B","p_val_adj<0.05"
"STEAP4",9.05992334216289e-15,0.490091921285222,0.527,0.748,2.39952069717184e-10,0.506194690265487,10,0.341121495327103,9,"STEAP4","p_val_adj<0.05"
"NEAT1",2.04886442412003e-15,0.48995572078876,0.946,0.983,5.42641742728189e-11,0.340886699507389,12,0.338078291814947,10,"NEAT1","p_val_adj<0.05"
"HLA-C",9.33673711714703e-13,0.489274414028236,0.958,0.977,2.47283482547639e-08,0.327821011673152,12,0.34525939177102,10,"HLA-C","p_val_adj<0.05"
"ITPR2",2.47369736344506e-44,0.489122152965386,0.229,0.547,6.55158746708424e-40,0.426829268292683,11,0.507987220447284,7,"ITPR2","p_val_adj<0.05"
"ADK",4.13930964092682e-35,0.481677084730588,0.48,0.755,1.09629615839947e-30,0.370873786407767,12,0.342592592592593,9,"ADK","p_val_adj<0.05"
"BST2",8.01104401947327e-25,0.48161258584176,0.687,0.886,2.12172500855749e-20,0.408412483039349,12,0.347140039447732,8,"BST2","p_val_adj<0.05"
"SSR2",4.23600579094093e-35,0.479760866491246,0.761,0.914,1.1219061337307e-30,0.370869033047736,13,0.344168260038241,9,"SSR2","p_val_adj<0.05"
"VKORC1L1",1.30545094533543e-40,0.478668599828165,0.474,0.745,3.4574868287209e-36,0.361493123772102,12,0.396713615023474,9,"VKORC1L1","p_val_adj<0.05"
"LRRC36",1.18993235477366e-22,0.477958235635192,0.144,0.336,3.15153584161804e-18,0.658064516129032,9,0.546875,5,"LRRC36","p_val_adj<0.05"
"PFKFB2",6.88758543407139e-31,0.476954378580245,0.279,0.545,1.82417700221381e-26,0.297658862876254,11,0.477564102564103,7,"PFKFB2","p_val_adj<0.05"
"CXCL16",1.96217971707246e-36,0.474110050346768,0.517,0.785,5.1968329806664e-32,0.313513513513514,12,0.358574610244989,10,"CXCL16","p_val_adj<0.05"
"FLJ37453",1.65473858624225e-28,0.470506794999593,0.443,0.687,4.38257514566259e-24,0.351578947368421,11,0.374045801526718,9,"FLJ37453","p_val_adj<0.05"
"NUPR1",5.26743387109634e-19,0.469269831819098,0.573,0.788,1.39507986075987e-14,0.504065040650406,12,0.354767184035477,9,"NUPR1","p_val_adj<0.05"
"NINJ2",3.40135282642483e-18,0.4662798927182,0.234,0.407,9.00848296078617e-14,0.430278884462151,10,0.562231759656652,7,"NINJ2","p_val_adj<0.05"
"PPT1",3.55949091836091e-18,0.466102065921166,0.528,0.708,9.42731169727887e-14,0.303350970017637,12,0.350617283950617,8,"PPT1","p_val_adj<0.05"
"P3H2",5.73242465320393e-74,0.460538235486524,0.071,0.441,1.51823266940106e-69,0.605263157894737,8,0.591269841269841,6,"P3H2","p_val_adj<0.05"
"SULT1A2",3.84833734486799e-41,0.460275459589317,0.167,0.451,1.01923214578829e-36,0.407821229050279,10,0.484496124031008,7,"SULT1A2","p_val_adj<0.05"
"THUMPD1",1.05788983459764e-28,0.459926088004011,0.565,0.78,2.80182122693185e-24,0.292079207920792,13,0.36322869955157,9,"THUMPD1","p_val_adj<0.05"
"ACP5",2.09415633248031e-71,0.458698224579189,0.067,0.427,5.54637304657411e-67,0.222222222222222,10,0.545081967213115,6,"ACP5","p_val_adj<0.05"
"MTHFR",1.57659970440341e-38,0.457292684636884,0.335,0.656,4.17562431711242e-34,0.384401114206128,11,0.386666666666667,7,"MTHFR","p_val_adj<0.05"
"CCNL1",6.26151402258903e-29,0.456717620758404,0.668,0.848,1.6583619888827e-24,0.309623430962343,11,0.354639175257732,9,"CCNL1","p_val_adj<0.05"
"TMEM150A",6.22549122594338e-31,0.455477955411347,0.244,0.509,1.64882135119111e-26,0.362595419847328,11,0.450171821305842,8,"TMEM150A","p_val_adj<0.05"
"LRIG2",7.4613003174407e-54,0.455362490437776,0.13,0.47,1.97612538907417e-49,0.414285714285714,10,0.472118959107807,6,"LRIG2","p_val_adj<0.05"
"HERPUD1",3.109815660523e-31,0.454604137453333,0.682,0.867,8.23634677689517e-27,0.295081967213115,11,0.352822580645161,10,"HERPUD1","p_val_adj<0.05"
"PMVK",4.4719691695568e-24,0.453896750206227,0.575,0.778,1.18440103455712e-19,0.322528363047002,12,0.373033707865169,9,"PMVK","p_val_adj<0.05"
"KDM5B",3.79003877599143e-34,0.452586022651852,0.591,0.809,1.00379176982133e-29,0.301261829652997,13,0.354211663066955,10,"KDM5B","p_val_adj<0.05"
"ZNF165",0.0159548189535601,0.452542691797034,0.38,0.425,1,0.330882352941176,11,0.39917695473251,8,"ZNF165","NS"
"CD47",1.05373935628416e-22,0.452500747759561,0.822,0.942,2.79082868511859e-18,0.335600907029478,12,0.354359925788497,9,"CD47","p_val_adj<0.05"
"CD44",1.25533838729528e-23,0.452478162871012,0.55,0.785,3.32476371875155e-19,0.450847457627119,12,0.378619153674833,8,"CD44","p_val_adj<0.05"
"MIA3",3.50595880071216e-52,0.449082764476442,0.486,0.816,9.28553188368617e-48,0.366602687140115,11,0.379014989293362,9,"MIA3","p_val_adj<0.05"
"ALDH3A2",1.05171456860021e-35,0.448952626406419,0.649,0.837,2.78546603493767e-31,0.334770114942529,11,0.365344467640919,8,"ALDH3A2","p_val_adj<0.05"
"SERP1",1.11041794333771e-30,0.448692935721689,0.829,0.9,2.94094192292993e-26,0.334083239595051,13,0.357281553398058,9,"SERP1","p_val_adj<0.05"
"RNF114",1.29075821901271e-21,0.447965208026858,0.548,0.738,3.41857314305517e-17,0.297619047619048,12,0.37914691943128,9,"RNF114","p_val_adj<0.05"
"NHSL1",1.80853002187613e-20,0.447790358533032,0.424,0.607,4.78989176293894e-16,0.540659340659341,11,0.420749279538905,10,"NHSL1","p_val_adj<0.05"
"TXNDC11",3.68597620025981e-57,0.447448589809159,0.348,0.72,9.76230796638811e-53,0.324396782841823,12,0.342233009708738,9,"TXNDC11","p_val_adj<0.05"
"CREBBP",6.99131955333173e-36,0.445398203346941,0.541,0.785,1.85165098369991e-31,0.290877796901893,12,0.354120267260579,9,"CREBBP","p_val_adj<0.05"
"GGTLC1",1.66294399398441e-46,0.445180639970119,0.126,0.432,4.40430716806771e-42,0.607407407407407,9,0.493927125506073,8,"GGTLC1","p_val_adj<0.05"
"SDPR",1.3458083300711e-28,0.445150358889019,0.153,0.385,3.5643733621933e-24,0.530487804878049,10,0.545454545454545,9,"SDPR","p_val_adj<0.05"
"PNKD",3.43236552261386e-18,0.445062854183717,0.797,0.858,9.09062008664281e-14,0.327485380116959,11,0.384928716904277,10,"PNKD","p_val_adj<0.05"
"PYGB",3.33609314156132e-43,0.445060429261016,0.387,0.719,8.83564268542514e-39,0.47710843373494,11,0.362530413625304,8,"PYGB","p_val_adj<0.05"
"SMG1",1.68376092900011e-29,0.444868828960369,0.485,0.715,4.4594408204568e-25,0.294230769230769,12,0.378973105134474,9,"SMG1","p_val_adj<0.05"
"PBXIP1",1.54800811722661e-47,0.4443953101938,0.509,0.816,4.09989949847467e-43,0.333333333333333,12,0.331905781584582,9,"PBXIP1","p_val_adj<0.05"
"SEPHS2",2.86763440442045e-42,0.443490883362617,0.387,0.712,7.59492972010757e-38,0.298795180722892,13,0.353808353808354,8,"SEPHS2","p_val_adj<0.05"
"MRPS34",4.29842996525469e-22,0.443467673018074,0.638,0.799,1.1384391762977e-17,0.293430656934307,13,0.367614879649891,9,"MRPS34","p_val_adj<0.05"
"PTP4A2",9.48144895640383e-22,0.443221046690435,0.811,0.897,2.51116175610355e-17,0.304597701149425,13,0.354775828460039,10,"PTP4A2","p_val_adj<0.05"
"SERPING1",3.35084250195184e-20,0.443177550658681,0.355,0.582,8.87470636641946e-16,0.63254593175853,11,0.48048048048048,9,"SERPING1","p_val_adj<0.05"
"C12orf65",1.69710097525786e-30,0.4429508086199,0.401,0.664,4.49477193297045e-26,0.33953488372093,12,0.392105263157895,8,"C12orf65","p_val_adj<0.05"
"RAB25",2.05633446470115e-09,0.442081290423529,0.664,0.799,5.446201829761e-05,0.300140252454418,12,0.365426695842451,9,"RAB25","p_val_adj<0.05"
"SLC50A1",1.09008258499673e-29,0.441820701575228,0.562,0.785,2.88708372636383e-25,0.303482587064677,11,0.338530066815145,9,"SLC50A1","p_val_adj<0.05"
"RAB11FIP1",4.45221023970778e-20,0.441430453489911,0.749,0.878,1.17916788198661e-15,0.369402985074627,12,0.350597609561753,9,"RAB11FIP1","p_val_adj<0.05"
"PCF11",5.46521286899301e-31,0.441077145239257,0.564,0.806,1.4474616283528e-26,0.328925619834711,12,0.344902386117137,9,"PCF11","p_val_adj<0.05"
"RARRES2",7.52366328133667e-41,0.440923920571163,0.092,0.35,1.99264222006202e-36,0.404040404040404,10,0.665,8,"RARRES2","p_val_adj<0.05"
"IRF2BP2",1.70111289572913e-43,0.440543411590107,0.746,0.916,4.50539750433859e-39,0.34875,12,0.33587786259542,9,"IRF2BP2","p_val_adj<0.05"
"IFIT3",0.000216101692104295,0.439306324185692,0.3,0.378,1,0.403726708074534,13,0.597222222222222,8,"IFIT3","NS"
"HLA-DRB6",4.32461022530308e-53,0.439031121202659,0.445,0.692,1.14537301817152e-48,0.426778242677824,9,0.424242424242424,8,"HLA-DRB6","p_val_adj<0.05"
"RPS15A",1.33833914980396e-19,0.43859460095994,0.919,0.939,3.54459123825578e-15,0.338742393509128,13,0.338919925512104,9,"RPS15A","p_val_adj<0.05"
"GALNT11",6.3468454656757e-37,0.437707652370511,0.355,0.629,1.68096202158421e-32,0.325459317585302,12,0.425,8,"GALNT11","p_val_adj<0.05"
"BTG2",1.19399175380847e-32,0.437170135455798,0.637,0.841,3.16228715996173e-28,0.307017543859649,12,0.349272349272349,8,"BTG2","p_val_adj<0.05"
"USP39",3.25759874841034e-27,0.436261791914313,0.363,0.617,8.62775028516477e-23,0.305128205128205,11,0.362606232294618,7,"USP39","p_val_adj<0.05"
"TMEM130",1.84033506073707e-38,0.436027856065853,0.073,0.308,4.87412740836213e-34,0.67948717948718,7,0.5625,7,"TMEM130","p_val_adj<0.05"
"RPS13",5.45172631737683e-12,0.436008074179426,0.958,0.951,1.44388971515725e-07,0.342412451361868,13,0.340073529411765,10,"RPS13","p_val_adj<0.05"
"PARP1",4.44949594674567e-26,0.435798473082762,0.588,0.788,1.17844900149559e-21,0.321711568938193,13,0.34589800443459,8,"PARP1","p_val_adj<0.05"
"PABPC1",7.63075584909091e-12,0.435592385590212,0.943,0.974,2.02100568663173e-07,0.33201581027668,12,0.341113105924596,10,"PABPC1","p_val_adj<0.05"
"C16orf89",2.93652453136707e-33,0.433675422258635,0.498,0.804,7.7773852213257e-29,0.406367041198502,9,0.365217391304348,8,"C16orf89","p_val_adj<0.05"
"RARRES3",0.000621880918882551,0.433000382550884,0.853,0.774,1,0.336612021857923,11,0.413092550790068,10,"RARRES3","NS"
"ABCC6",5.93830658510769e-32,0.430072837172445,0.286,0.559,1.57276049906577e-27,0.37785016286645,10,0.421875,8,"ABCC6","p_val_adj<0.05"
"TCEB3",1.877915500434e-37,0.429638771401917,0.384,0.675,4.97365920289945e-33,0.33252427184466,11,0.393782383419689,8,"TCEB3","p_val_adj<0.05"
"TOX4",1.75282043071015e-30,0.428739465954578,0.605,0.825,4.64234491073582e-26,0.325115562403698,12,0.345338983050847,8,"TOX4","p_val_adj<0.05"
"CACNA2D2",2.25521586036158e-94,0.428160666112648,0.097,0.559,5.97293920616765e-90,0.451923076923077,10,0.378125,7,"CACNA2D2","p_val_adj<0.05"
"MARC1",1.48174558191987e-47,0.427342269416864,0.16,0.479,3.92440317371478e-43,0.395348837209302,11,0.521897810218978,6,"MARC1","p_val_adj<0.05"
"HLA-DOA",4.60379095085583e-38,0.426536167362385,0.05,0.266,1.21931403333417e-33,0.62962962962963,8,0.815789473684211,8,"HLA-DOA","p_val_adj<0.05"
"AHCYL2",2.75731135440171e-36,0.426422233899491,0.345,0.626,7.30273912213293e-32,0.437837837837838,10,0.41340782122905,8,"AHCYL2","p_val_adj<0.05"
"HOXD1",1.09374944042727e-33,0.420765829336573,0.267,0.561,2.89679539297162e-29,0.531468531468531,9,0.398753894080997,7,"HOXD1","p_val_adj<0.05"
"DNAJA3",8.40887607672071e-31,0.420707051060974,0.268,0.523,2.22709082891948e-26,0.274305555555556,12,0.42809364548495,7,"DNAJA3","p_val_adj<0.05"
"ATP1B1",9.76008336179465e-25,0.4204150128765,0.961,0.983,2.58495807837131e-20,0.347235693501455,13,0.338078291814947,10,"ATP1B1","p_val_adj<0.05"
"PEF1",8.29756631634877e-28,0.419983696136577,0.378,0.647,2.19761043888497e-23,0.302955665024631,13,0.402702702702703,8,"PEF1","p_val_adj<0.05"
"C16orf58",6.71257852549817e-51,0.419026803031366,0.288,0.645,1.77782642247819e-46,0.362459546925566,10,0.392953929539295,8,"C16orf58","p_val_adj<0.05"
"TMEM208",2.03494218608583e-13,0.41744840240478,0.653,0.76,5.38954437984832e-09,0.33095577746077,12,0.360919540229885,10,"TMEM208","p_val_adj<0.05"
"TNS3",1.01723612292277e-61,0.416777165871097,0.187,0.582,2.69414987156097e-57,0.398009950248756,11,0.378378378378378,8,"TNS3","p_val_adj<0.05"
"SDHB",3.3154376923839e-15,0.416283872707004,0.687,0.783,8.78093672827877e-11,0.331071913161465,13,0.330357142857143,10,"SDHB","p_val_adj<0.05"
"SLC25A5",2.25434800823978e-18,0.416164877576711,0.866,0.893,5.97064069982306e-14,0.316469321851453,13,0.344422700587084,9,"SLC25A5","p_val_adj<0.05"
"LRRK2",8.8134209568047e-37,0.415131605778498,0.127,0.386,2.33423454040972e-32,0.772058823529412,10,0.389140271493213,7,"LRRK2","p_val_adj<0.05"
"CAV2",5.85979887764761e-44,0.414768668949078,0.319,0.656,1.55196773274497e-39,0.578947368421053,12,0.461333333333333,9,"CAV2","p_val_adj<0.05"
"NMRAL1",1.14715874521002e-31,0.414455141489848,0.505,0.776,3.03824993668874e-27,0.357933579335793,12,0.353603603603604,9,"NMRAL1","p_val_adj<0.05"
"SFPQ",1.65563652280709e-26,0.414420811685904,0.785,0.885,4.38495333065457e-22,0.319477434679335,13,0.373517786561265,9,"SFPQ","p_val_adj<0.05"
"DDOST",2.90231891490218e-11,0.414364556993716,0.779,0.86,7.68679164611842e-07,0.319377990430622,11,0.345528455284553,9,"DDOST","p_val_adj<0.05"
"PIGR",0.103905701910919,0.413107558392246,0.801,0.829,1,0.412790697674419,12,0.371308016877637,9,"PIGR","NS"
"C2",1.00528725252873e-31,0.409650892764182,0.139,0.381,2.66250328832234e-27,0.281879194630872,12,0.394495412844037,7,"C2","p_val_adj<0.05"
"ASH1L",8.33029673789066e-39,0.40837575036306,0.541,0.834,2.20627909103034e-34,0.367241379310345,11,0.341719077568134,10,"ASH1L","p_val_adj<0.05"
"KCNQ1OT1",1.88561270732784e-17,0.408056699338609,0.657,0.809,4.99404525535778e-13,0.373049645390071,12,0.341252699784017,9,"KCNQ1OT1","p_val_adj<0.05"
"GGA2",4.27499918971612e-26,0.406283715861469,0.352,0.594,1.13223353539631e-21,0.333333333333333,13,0.444117647058824,8,"GGA2","p_val_adj<0.05"
"TBL3",2.674719846536e-18,0.4060902426064,0.308,0.509,7.08399551355059e-14,0.317220543806647,11,0.450171821305842,6,"TBL3","p_val_adj<0.05"
"CYC1",6.3763006708779e-16,0.405438791020602,0.676,0.794,1.68876323268201e-11,0.302068965517241,13,0.363436123348018,9,"CYC1","p_val_adj<0.05"
"COPA",5.49976429677092e-23,0.404333548470237,0.725,0.848,1.45661257399978e-18,0.344473007712082,12,0.329896907216495,9,"COPA","p_val_adj<0.05"
"USP40",1.89574346951166e-11,0.404188114603028,0.512,0.647,5.02087657900162e-07,0.322404371584699,12,0.443243243243243,10,"USP40","p_val_adj<0.05"
"KLHL24",3.29434212697015e-31,0.403421251551102,0.426,0.694,8.72506512328045e-27,0.321663019693654,12,0.403022670025189,9,"KLHL24","p_val_adj<0.05"
"HIRIP3",1.08678763641181e-34,0.40282420247424,0.243,0.531,2.87835705503668e-30,0.306513409961686,12,0.407894736842105,8,"HIRIP3","p_val_adj<0.05"
"HAS3",4.24612626020874e-47,0.40272338837315,0.124,0.435,1.12458654001628e-42,0.451127819548872,10,0.502008032128514,5,"HAS3","p_val_adj<0.05"
"PLD3",1.5323149551757e-11,0.401990239610377,0.747,0.839,4.05833615878285e-07,0.330423940149626,12,0.385416666666667,10,"PLD3","p_val_adj<0.05"
"STMN1",1.06717266830385e-27,0.401522944353644,0.432,0.692,2.82640681200276e-23,0.400862068965517,13,0.429292929292929,10,"STMN1","p_val_adj<0.05"
"LPIN2",8.84598705159663e-34,0.400349295630154,0.409,0.675,2.34285967061537e-29,0.30751708428246,11,0.38860103626943,9,"LPIN2","p_val_adj<0.05"
"RAD21",1.18668356128138e-34,0.39936716176352,0.509,0.752,3.14293141205373e-30,0.28021978021978,12,0.348837209302326,9,"RAD21","p_val_adj<0.05"
"GALE",4.39095775023818e-24,0.399053118980656,0.381,0.628,1.16294516015058e-19,0.322738386308068,12,0.35933147632312,9,"GALE","p_val_adj<0.05"
"SNAI1",3.1858367426782e-23,0.398820995996949,0.167,0.371,8.43768861298322e-19,0.547486033519553,10,0.495283018867925,5,"SNAI1","p_val_adj<0.05"
"NFATC3",1.23544809614686e-25,0.398471117971165,0.606,0.802,3.27208428264497e-21,0.335384615384615,11,0.342047930283224,10,"NFATC3","p_val_adj<0.05"
"BLVRB",4.9711801391899e-18,0.396831356656101,0.793,0.864,1.31661705986444e-13,0.340775558166863,13,0.354251012145749,9,"BLVRB","p_val_adj<0.05"
"PEG10",1.10241589285191e-26,0.396673573268126,0.136,0.353,2.91974849221829e-22,0.582191780821918,12,0.712871287128713,7,"PEG10","p_val_adj<0.05"
"RAP2B",0.647755762061658,0.396205080588038,0.56,0.58,1,0.346089850249584,12,0.373493975903614,9,"RAP2B","NS"
"RPS20",1.08780268069022e-20,0.395611908690682,0.951,0.962,2.88104539980804e-16,0.333333333333333,13,0.343636363636364,10,"RPS20","p_val_adj<0.05"
"CSNK2B",8.18073340942961e-10,0.395061478532321,0.769,0.836,2.16666724348743e-05,0.313939393939394,13,0.357740585774059,10,"CSNK2B","p_val_adj<0.05"
"RAB2A",3.47910981903782e-26,0.394855033257562,0.742,0.857,9.21442235572166e-22,0.301507537688442,13,0.336734693877551,9,"RAB2A","p_val_adj<0.05"
"WNK1",1.15410726114617e-19,0.394759620256415,0.734,0.843,3.05665308114563e-15,0.302030456852792,13,0.358921161825726,9,"WNK1","p_val_adj<0.05"
"KIAA0319L",3.62823817813461e-21,0.394331448232053,0.687,0.848,9.60938881478952e-17,0.347354138398914,12,0.354639175257732,8,"KIAA0319L","p_val_adj<0.05"
"ANKRD11",4.34086185286978e-18,0.393752973995995,0.637,0.802,1.14967726173256e-13,0.314327485380117,12,0.366013071895425,10,"ANKRD11","p_val_adj<0.05"
"KMT2E",8.28443373283218e-25,0.392798929338208,0.813,0.935,2.1941322741406e-20,0.354357798165138,13,0.351401869158878,9,"KMT2E","p_val_adj<0.05"
"HLA-DRB5",3.81862031705959e-28,0.392486174239294,0.747,0.907,1.01136159097323e-23,0.395261845386534,11,0.33140655105973,10,"HLA-DRB5","p_val_adj<0.05"
"MGRN1",5.56342009293098e-20,0.392312084028657,0.433,0.64,1.47347181161277e-15,0.363440860215054,12,0.431693989071038,9,"MGRN1","p_val_adj<0.05"
"KMT2C",5.03395038715654e-27,0.391980543970873,0.658,0.865,1.33324176003841e-22,0.388101983002833,12,0.339393939393939,9,"KMT2C","p_val_adj<0.05"
"PARN",3.44136740485536e-43,0.39165632445878,0.319,0.643,9.11446157175941e-39,0.35672514619883,10,0.404891304347826,8,"PARN","p_val_adj<0.05"
"SH3RF1",9.77550131361572e-40,0.391335711917414,0.418,0.72,2.58904152291112e-35,0.338530066815145,11,0.342233009708738,9,"SH3RF1","p_val_adj<0.05"
"RSL1D1",3.3112440677808e-27,0.390582237958674,0.73,0.892,8.76982991351745e-23,0.316730523627075,12,0.33921568627451,9,"RSL1D1","p_val_adj<0.05"
"BRD2",8.3291867660817e-13,0.390320139777756,0.854,0.904,2.20598511499674e-08,0.323144104803493,12,0.363636363636364,10,"BRD2","p_val_adj<0.05"
"F3",0.159365566177294,0.388247319652536,0.59,0.533,1,0.423380726698262,12,0.452459016393443,8,"F3","NS"
"FGFR1",3.48638420221685e-49,0.388233540128188,0.11,0.411,9.23368855957132e-45,0.567796610169492,10,0.353191489361702,6,"FGFR1","p_val_adj<0.05"
"N4BP1",3.34606232765384e-39,0.386863100856423,0.337,0.64,8.8620460747912e-35,0.303867403314917,11,0.412568306010929,9,"N4BP1","p_val_adj<0.05"
"AASS",2.66923898917649e-53,0.386368991534136,0.226,0.566,7.06947946283393e-49,0.386831275720165,10,0.441358024691358,8,"AASS","p_val_adj<0.05"
"ZC3HAV1",1.55497856335916e-05,0.385887481756948,0.736,0.797,0.411836072505673,0.30379746835443,12,0.403508771929825,9,"ZC3HAV1","NS"
"SAR1A",1.98379527555205e-05,0.385733564056272,0.768,0.832,0.525408178729961,0.303398058252427,12,0.34453781512605,9,"SAR1A","NS"
"MBNL1",5.94113537164325e-54,0.384676788769785,0.515,0.813,1.57350970317971e-49,0.305605786618445,11,0.341935483870968,9,"MBNL1","p_val_adj<0.05"
"TRAM1",4.6265680605326e-16,0.384624960404596,0.702,0.818,1.22534655083206e-11,0.349269588313413,12,0.352564102564103,10,"TRAM1","p_val_adj<0.05"
"DEGS1",8.63497343166986e-19,0.38458420008458,0.51,0.687,2.28697271337776e-14,0.314442413162706,12,0.399491094147583,8,"DEGS1","p_val_adj<0.05"
"EHF",1.08106391649927e-27,0.383748546210755,0.75,0.899,2.86319778284832e-23,0.332919254658385,12,0.356031128404669,10,"EHF","p_val_adj<0.05"
"KIF22",5.51563604421546e-32,0.38363654015902,0.446,0.705,1.46081620631046e-27,0.325678496868476,12,0.354838709677419,9,"KIF22","p_val_adj<0.05"
"SERPINH1",6.39600068442226e-40,0.383627110754884,0.571,0.853,1.69398078126924e-35,0.391517128874388,12,0.379098360655738,9,"SERPINH1","p_val_adj<0.05"
"SZT2",3.12670681933334e-18,0.383357534002622,0.353,0.538,8.28108301100434e-14,0.353562005277045,10,0.435064935064935,6,"SZT2","p_val_adj<0.05"
"BTN3A2",7.12748692087099e-26,0.383195501947018,0.392,0.642,1.88771491099268e-21,0.31353919239905,12,0.400544959128065,9,"BTN3A2","p_val_adj<0.05"
"EFCAB14",9.61190052512096e-27,0.383015586115853,0.609,0.799,2.54571185407829e-22,0.303215926493109,12,0.330415754923414,8,"EFCAB14","p_val_adj<0.05"
"XIAP",7.23415217194958e-30,0.383003931711323,0.627,0.832,1.91596520274085e-25,0.349182763744428,12,0.348739495798319,10,"XIAP","p_val_adj<0.05"
"ACOT13",1.13844581014078e-27,0.382479854582895,0.572,0.794,3.01517372815785e-23,0.332247557003257,10,0.387665198237885,9,"ACOT13","p_val_adj<0.05"
"IFIT1",0.000223479607076191,0.3818691843315,0.296,0.367,1,0.509433962264151,11,0.747619047619048,6,"IFIT1","NS"
"N4BP2L2",0.117435401037054,0.381483225381355,0.618,0.629,1,0.321266968325792,11,0.433333333333333,9,"N4BP2L2","NS"
"FAM46A",3.98765160471606e-14,0.381062656632022,0.611,0.745,1.05612952750905e-09,0.326219512195122,12,0.349765258215962,8,"FAM46A","p_val_adj<0.05"
"ALDH6A1",6.80840256162315e-30,0.380245635982623,0.483,0.708,1.80320541844589e-25,0.326254826254826,12,0.353086419753086,8,"ALDH6A1","p_val_adj<0.05"
"UTRN",1.63325068180769e-32,0.379800564583566,0.509,0.753,4.32566443076766e-28,0.353479853479854,12,0.350348027842227,9,"UTRN","p_val_adj<0.05"
"ZDHHC16",4.7264635243616e-33,0.379551520763652,0.329,0.626,1.25180386442717e-28,0.325779036827195,11,0.346368715083799,9,"ZDHHC16","p_val_adj<0.05"
"NUCKS1",9.00303126917401e-23,0.379380129333206,0.924,0.941,2.38445283164074e-18,0.320887991927346,13,0.355018587360595,10,"NUCKS1","p_val_adj<0.05"
"COMMD9",2.99782009570915e-33,0.37863570473673,0.277,0.554,7.93972652348567e-29,0.306397306397306,10,0.391167192429022,9,"COMMD9","p_val_adj<0.05"
"HPN",2.08120496274428e-61,0.37800885087581,0.097,0.458,5.51207134382823e-57,0.567307692307692,10,0.366412213740458,7,"HPN","p_val_adj<0.05"
"THUMPD3-AS1",4.2410423749182e-11,0.377916866072275,0.593,0.675,1.12324007299709e-06,0.309748427672956,11,0.422279792746114,8,"THUMPD3-AS1","p_val_adj<0.05"
"COL4A4",8.23574800288073e-48,0.377899693623851,0.19,0.53,2.18123785856296e-43,0.490196078431373,10,0.376237623762376,8,"COL4A4","p_val_adj<0.05"
"AZGP1",3.52794455788993e-31,0.376810178643116,0.074,0.294,9.34376116157147e-27,0.265822784810127,8,0.869047619047619,6,"AZGP1","p_val_adj<0.05"
"BCKDK",1.91383656446345e-17,0.375954918256412,0.394,0.598,5.06879614098145e-13,0.340425531914894,12,0.380116959064327,9,"BCKDK","p_val_adj<0.05"
"PRDM2",2.98062213335628e-40,0.375075833316993,0.526,0.801,7.89417772019412e-36,0.320921985815603,10,0.358078602620087,9,"PRDM2","p_val_adj<0.05"
"EPAS1",1.0158178027975e-29,0.373866554249168,0.558,0.794,2.69039345070918e-25,0.390651085141903,12,0.356828193832599,8,"EPAS1","p_val_adj<0.05"
"ADPRHL2",4.35927253198791e-13,0.373726434006031,0.413,0.563,1.154553330097e-08,0.408577878103837,11,0.394409937888199,8,"ADPRHL2","p_val_adj<0.05"
"TCEA3",1.0751118644951e-30,0.369675453440512,0.555,0.808,2.84743377311528e-26,0.456375838926175,11,0.363636363636364,8,"TCEA3","p_val_adj<0.05"
"RCC2",1.74876067919292e-28,0.369610117631453,0.463,0.71,4.63159265884246e-24,0.382293762575453,11,0.33743842364532,8,"RCC2","p_val_adj<0.05"
"RNF5",1.57043564227457e-20,0.369601999428009,0.558,0.733,4.15929879856419e-16,0.312186978297162,12,0.403341288782816,9,"RNF5","p_val_adj<0.05"
"BMP4",5.51951472361872e-16,0.369286615257515,0.233,0.411,1.46184347455042e-11,0.42,11,0.659574468085106,6,"BMP4","p_val_adj<0.05"
"PTCSC3",1.55542489149508e-52,0.368989888517153,0.036,0.295,4.11954282512472e-48,0.282051282051282,7,0.63905325443787,5,"PTCSC3","p_val_adj<0.05"
"SPAG9",9.25854762823745e-13,0.367644487448415,0.607,0.736,2.45212633933869e-08,0.310291858678955,12,0.406175771971496,8,"SPAG9","p_val_adj<0.05"
"CAT",2.6605416067201e-13,0.367232535813881,0.463,0.591,7.04644444539818e-09,0.362173038229376,11,0.337278106508876,9,"CAT","p_val_adj<0.05"
"SLC35F6",0.00371566695856512,0.366949998611935,0.6,0.657,1,0.31055900621118,12,0.345744680851064,9,"SLC35F6","NS"
"KCNK15",1.27860500669927e-46,0.366115947504266,0.059,0.318,3.38638536024303e-42,0.444444444444444,9,0.725274725274725,6,"KCNK15","p_val_adj<0.05"
"NDUFB10",4.12898455167273e-13,0.365533447811644,0.827,0.9,1.09356155851052e-08,0.338218714768884,13,0.355339805825243,10,"NDUFB10","p_val_adj<0.05"
"ADI1",5.99795518812532e-22,0.364166372961185,0.651,0.825,1.58855843157499e-17,0.300859598853868,12,0.36228813559322,9,"ADI1","p_val_adj<0.05"
"RCN3",2.39732519066285e-53,0.364104180285389,0.075,0.372,6.34931576747056e-49,0.4375,8,0.55868544600939,6,"RCN3","p_val_adj<0.05"
"SECTM1",4.00585889577862e-28,0.363795443262112,0.202,0.455,1.06095172854697e-23,0.502304147465438,11,0.461538461538462,8,"SECTM1","p_val_adj<0.05"
"COL4A3",4.10595524786522e-61,0.363667594953141,0.107,0.46,1.0874622473971e-56,0.434782608695652,10,0.463878326996198,7,"COL4A3","p_val_adj<0.05"
"FOXN3",7.2274147007034e-43,0.363314171248054,0.379,0.699,1.9141807834813e-38,0.356265356265356,12,0.3675,9,"FOXN3","p_val_adj<0.05"
"NME3",4.2191625678877e-19,0.363310071322644,0.578,0.731,1.11744520610506e-14,0.335483870967742,12,0.368421052631579,8,"NME3","p_val_adj<0.05"
"HSP90AB1",4.04732813614968e-19,0.36271329149896,0.975,0.993,1.07193485685924e-14,0.338432122370937,13,0.341549295774648,10,"HSP90AB1","p_val_adj<0.05"
"MRPS18B",2.85269795161676e-17,0.362495120441731,0.651,0.809,7.55537052485699e-13,0.310888252148997,12,0.339092872570194,9,"MRPS18B","p_val_adj<0.05"
"ZDHHC11",2.39522404869301e-47,0.360748409649267,0.131,0.446,6.34375089296344e-43,0.49645390070922,9,0.525490196078431,8,"ZDHHC11","p_val_adj<0.05"
"PSME1",1.69957325645436e-15,0.360748113555804,0.916,0.93,4.50131976971936e-11,0.327568667344863,13,0.347744360902256,9,"PSME1","p_val_adj<0.05"
"ADIRF",3.79912375212824e-41,0.360454842531033,0.387,0.694,1.00619792575116e-36,0.43855421686747,10,0.385390428211587,9,"ADIRF","p_val_adj<0.05"
"PAGR1",5.70532063825267e-27,0.360412618490564,0.444,0.685,1.51105417104122e-22,0.296218487394958,12,0.341836734693878,9,"PAGR1","p_val_adj<0.05"
"NFIX",2.4336603065411e-56,0.360245725736835,0.346,0.726,6.44554932187411e-52,0.366576819407008,11,0.378313253012048,9,"NFIX","p_val_adj<0.05"
"TNRC6A",2.82750147093267e-30,0.359795666807259,0.533,0.762,7.48863764576517e-26,0.340909090909091,12,0.38302752293578,10,"TNRC6A","p_val_adj<0.05"
"MBIP",2.72813806543047e-34,0.358427081618947,0.477,0.76,7.22547366629259e-30,0.41796875,13,0.402298850574713,9,"MBIP","p_val_adj<0.05"
"PLEKHA1",2.19302246925754e-32,0.358101539664343,0.31,0.593,5.80822000982859e-28,0.288288288288288,13,0.351032448377581,8,"PLEKHA1","p_val_adj<0.05"
"BCAT1",1.24240551214447e-49,0.357905955939947,0.055,0.325,3.29051099891463e-45,0.288135593220339,10,0.591397849462366,7,"BCAT1","p_val_adj<0.05"
"NFYC",5.74362537579901e-34,0.357421332430961,0.36,0.664,1.52119918078037e-29,0.360103626943005,10,0.384210526315789,9,"NFYC","p_val_adj<0.05"
"DDIT3",9.89016789543676e-09,0.355777994061519,0.477,0.61,0.000261941096710642,0.390625,11,0.429799426934097,8,"DDIT3","p_val_adj<0.05"
"LAMA3",2.13658683891438e-31,0.355591292141387,0.194,0.465,5.65875024286474e-27,0.538461538461538,11,0.5,8,"LAMA3","p_val_adj<0.05"
"TPM3",9.32627707960949e-28,0.355441105757192,0.87,0.949,2.47006448453457e-23,0.318327974276527,13,0.337016574585635,9,"TPM3","p_val_adj<0.05"
"CAPZB",2.36447060777955e-16,0.354752432135717,0.789,0.865,6.26230040470414e-12,0.332939787485242,13,0.335353535353535,9,"CAPZB","p_val_adj<0.05"
"EEF2K",4.64906506274746e-34,0.354712496399147,0.325,0.622,1.23130488186866e-29,0.455587392550143,11,0.362359550561798,9,"EEF2K","p_val_adj<0.05"
"ORMDL3",4.12367330766918e-35,0.354675335683751,0.306,0.603,1.09215487553618e-30,0.390243902439024,11,0.382608695652174,9,"ORMDL3","p_val_adj<0.05"
"ARL6IP1",9.67803568216084e-31,0.354539085510591,0.799,0.909,2.5632277504203e-26,0.308051341890315,12,0.355769230769231,9,"ARL6IP1","p_val_adj<0.05"
"HMGB3",8.61904522112997e-12,0.353491122938999,0.479,0.628,2.28275412681627e-07,0.313229571984436,12,0.362116991643454,9,"HMGB3","p_val_adj<0.05"
"ZBTB38",1.12280923298195e-30,0.352602377887561,0.383,0.659,2.97376025355269e-26,0.277372262773723,11,0.320954907161804,8,"ZBTB38","p_val_adj<0.05"
"CRLS1",1.12798776021788e-21,0.351884865820857,0.566,0.759,2.98747558293705e-17,0.296540362438221,11,0.394009216589862,8,"CRLS1","p_val_adj<0.05"
"TPD52",7.26550345767687e-20,0.351531532432021,0.375,0.561,1.92426859076572e-15,0.40547263681592,9,0.423676012461059,7,"TPD52","p_val_adj<0.05"
"ATP11A-AS1",5.50113064167908e-22,0.351490891469394,0.079,0.248,1.45697445044871e-17,0.541176470588235,8,0.471830985915493,7,"ATP11A-AS1","p_val_adj<0.05"
"GBAS",1.30570470244077e-14,0.350019720645473,0.653,0.771,3.45815890441438e-10,0.322396576319543,13,0.353741496598639,8,"GBAS","p_val_adj<0.05"
"SMC4",1.91209666343438e-33,0.349731928899245,0.448,0.724,5.06418801310595e-29,0.357588357588358,12,0.400966183574879,9,"SMC4","p_val_adj<0.05"
"HOOK1",4.17723013655935e-22,0.349154382332083,0.338,0.57,1.10633940166774e-17,0.369146005509642,11,0.401840490797546,8,"HOOK1","p_val_adj<0.05"
"POLR2C",4.14755952349815e-20,0.348640801036125,0.448,0.649,1.09848113979848e-15,0.299376299376299,12,0.369272237196765,9,"POLR2C","p_val_adj<0.05"
"FOSB",2.19000156477889e-10,0.348239936082251,0.788,0.946,5.80021914431688e-06,0.332151300236407,12,0.345656192236599,9,"FOSB","p_val_adj<0.05"
"ADGRD1",2.8845867488925e-66,0.348209091779806,0.11,0.491,7.6398280044418e-62,0.677966101694915,8,0.437722419928826,7,"ADGRD1","p_val_adj<0.05"
"ARPC5",6.37059613978461e-25,0.347806376960993,0.64,0.818,1.68725238762195e-20,0.333333333333333,13,0.35042735042735,9,"ARPC5","p_val_adj<0.05"
"SP100",2.74358258032975e-05,0.347441175211906,0.685,0.736,0.726637846400334,0.336054421768707,12,0.432304038004751,10,"SP100","NS"
"MYO6",7.24625427441925e-14,0.346119933584289,0.707,0.818,1.91917044457994e-09,0.330698287220026,12,0.335470085470085,9,"MYO6","p_val_adj<0.05"
"SMPDL3B",7.11182365219699e-09,0.345737201336193,0.397,0.537,0.000188356649428437,0.476525821596244,10,0.543973941368078,8,"SMPDL3B","p_val_adj<0.05"
"PPP1R15B",8.0150368182134e-16,0.345465177292666,0.441,0.621,2.12278250130382e-11,0.317124735729387,12,0.371830985915493,9,"PPP1R15B","p_val_adj<0.05"
"PRKCZ",3.73681812758904e-25,0.345220348393715,0.251,0.481,9.89696281091957e-21,0.345724907063197,10,0.516363636363636,6,"PRKCZ","p_val_adj<0.05"
"EPB41L5",5.64600964284612e-23,0.345149904271111,0.445,0.666,1.49534565390779e-18,0.410041841004184,10,0.393700787401575,9,"EPB41L5","p_val_adj<0.05"
"NEDD9",2.3271194888487e-11,0.345079383032316,0.552,0.696,6.16337596621578e-07,0.380067567567568,12,0.361809045226131,10,"NEDD9","p_val_adj<0.05"
"UROD",1.42193075866718e-15,0.344026452101276,0.494,0.675,3.76598361433002e-11,0.305660377358491,12,0.367875647668394,9,"UROD","p_val_adj<0.05"
"VASN",2.7470852949248e-52,0.343850464643347,0.234,0.603,7.27565540360833e-48,0.50597609561753,11,0.446376811594203,9,"VASN","p_val_adj<0.05"
"PTPN14",9.71894458034652e-29,0.343448388019464,0.365,0.621,2.57406247210478e-24,0.364795918367347,11,0.385915492957746,8,"PTPN14","p_val_adj<0.05"
"PLLP",2.09719555372326e-28,0.342923156537677,0.268,0.545,5.55442242403606e-24,0.458333333333333,10,0.41025641025641,8,"PLLP","p_val_adj<0.05"
"AKAP13",1.01724419664224e-13,0.342067837765152,0.768,0.857,2.69417125480698e-09,0.372572815533981,12,0.351020408163265,9,"AKAP13","p_val_adj<0.05"
"SEPP1",1.55821365928142e-22,0.342043861951429,0.61,0.797,4.12692887660684e-18,0.445801526717557,11,0.348684210526316,8,"SEPP1","p_val_adj<0.05"
"MECOM",9.42145697388185e-33,0.341926340562151,0.503,0.773,2.49527287953261e-28,0.346296296296296,12,0.3710407239819,7,"MECOM","p_val_adj<0.05"
"C14orf159",7.53744061107779e-20,0.341886598403938,0.307,0.512,1.99629114584395e-15,0.373860182370821,10,0.406143344709898,7,"C14orf159","p_val_adj<0.05"
"RNF212",1.05635729192361e-69,0.339760951992394,0.061,0.411,2.79776228765967e-65,0.507692307692308,8,0.391489361702128,8,"RNF212","p_val_adj<0.05"
"ACSL5",7.76628036137625e-15,0.339689669524289,0.374,0.563,2.0568993537105e-10,0.498753117206983,12,0.487577639751553,7,"ACSL5","p_val_adj<0.05"
"CLIC2",8.07031378225778e-38,0.339310097155953,0.196,0.498,2.13742260523097e-33,0.761904761904762,12,0.547368421052632,8,"CLIC2","p_val_adj<0.05"
"ADNP",4.9888801968846e-14,0.338681842829716,0.629,0.799,1.32130492014489e-09,0.322962962962963,13,0.343544857768052,10,"ADNP","p_val_adj<0.05"
"RBL2",3.75974963429222e-24,0.338620789629693,0.382,0.615,9.95769690642293e-20,0.339024390243902,11,0.403409090909091,10,"RBL2","p_val_adj<0.05"
"RPL30",1.19016424739942e-18,0.338598902310921,0.958,0.967,3.15215000923737e-14,0.339494163424125,13,0.347197106690778,10,"RPL30","p_val_adj<0.05"
"FABP5",1.90196324890002e-06,0.337315584919192,0.201,0.285,0.0503734966471171,0.462962962962963,11,0.539877300613497,7,"FABP5","NS"
"SMARCC2",8.43289446589206e-13,0.337189273944887,0.584,0.724,2.23345209929151e-08,0.291866028708134,12,0.369565217391304,9,"SMARCC2","p_val_adj<0.05"
"CHD9",2.92086741443e-20,0.337103155958034,0.482,0.687,7.73591734711786e-16,0.309477756286267,12,0.409669211195929,8,"CHD9","p_val_adj<0.05"
"NFAT5",5.31988252240852e-21,0.33650213266473,0.555,0.757,1.4089708860599e-16,0.298657718120805,12,0.351039260969977,9,"NFAT5","p_val_adj<0.05"
"ARHGEF19",1.59578158327677e-28,0.336432947188651,0.205,0.458,4.22642752330854e-24,0.490909090909091,10,0.49236641221374,7,"ARHGEF19","p_val_adj<0.05"
"DAPK2",3.90518864026868e-39,0.33572655420484,0.149,0.441,1.03428921137516e-34,0.7,10,0.476190476190476,9,"DAPK2","p_val_adj<0.05"
"ZNF593",2.83201352626947e-12,0.33487370851414,0.561,0.71,7.50058782432469e-08,0.300664451827243,13,0.366995073891626,9,"ZNF593","p_val_adj<0.05"
"DHRS1",9.7834728286847e-13,0.333540618401074,0.343,0.51,2.59115277867714e-08,0.298913043478261,11,0.383561643835616,8,"DHRS1","p_val_adj<0.05"
"PIK3C2A",6.46268299312528e-30,0.333446834808556,0.308,0.587,1.71164159072923e-25,0.33030303030303,10,0.37797619047619,10,"PIK3C2A","p_val_adj<0.05"
"YTHDF2",5.9711420190148e-22,0.331798493462595,0.666,0.836,1.58145696373607e-17,0.302097902097902,12,0.355648535564854,10,"YTHDF2","p_val_adj<0.05"
"CTSF",5.13719266229469e-32,0.331448176445891,0.196,0.474,1.36058547660875e-27,0.4,10,0.416974169741697,9,"CTSF","p_val_adj<0.05"
"LAMA5",4.79080296839562e-37,0.331222169141857,0.352,0.654,1.26884416617958e-32,0.367724867724868,12,0.374331550802139,8,"LAMA5","p_val_adj<0.05"
"TRAP1",1.80369643578152e-14,0.330754326763502,0.416,0.591,4.77709001016735e-10,0.36322869955157,12,0.381656804733728,7,"TRAP1","p_val_adj<0.05"
"RNPS1",3.81280097274966e-19,0.330645680677762,0.697,0.846,1.00982033763275e-14,0.316844919786096,13,0.34297520661157,9,"RNPS1","p_val_adj<0.05"
"IMPA2",1.63260711352176e-30,0.330349089701345,0.368,0.671,4.32395994016238e-26,0.511392405063291,9,0.299479166666667,10,"IMPA2","p_val_adj<0.05"
"EGR1",2.79526384743369e-18,0.329662215126531,0.821,0.904,7.40325629992813e-14,0.342792281498297,12,0.359767891682785,9,"EGR1","p_val_adj<0.05"
"GGCX",1.46334418224962e-23,0.329249442522368,0.495,0.717,3.87566706668813e-19,0.32391713747646,11,0.397560975609756,8,"GGCX","p_val_adj<0.05"
"NDUFB9",2.37620425326605e-22,0.328835694445065,0.819,0.914,6.29337696477514e-18,0.329920364050057,13,0.353728489483748,10,"NDUFB9","p_val_adj<0.05"
"DCAF11",7.32425066759978e-15,0.328509828310328,0.474,0.649,1.9398277893138e-10,0.328094302554027,11,0.39622641509434,8,"DCAF11","p_val_adj<0.05"
"SPG7",1.32449621557215e-16,0.328491172675225,0.401,0.584,3.50792822694284e-12,0.286046511627907,10,0.437125748502994,8,"SPG7","p_val_adj<0.05"
"RASL11B",1.1332604816487e-29,0.327231235960019,0.03,0.192,3.00144038564658e-25,0.59375,8,0.572727272727273,6,"RASL11B","p_val_adj<0.05"
"CLUHP3",3.74072400117735e-32,0.327075861648328,0.138,0.39,9.90730751711821e-28,0.425675675675676,10,0.484304932735426,8,"CLUHP3","p_val_adj<0.05"
"ITPR3",1.32065035769126e-24,0.326452659554153,0.438,0.698,3.49774247234529e-20,0.363829787234043,11,0.348370927318296,9,"ITPR3","p_val_adj<0.05"
"PTPRF",9.39493059914966e-11,0.326409334803126,0.84,0.893,2.48824736918479e-06,0.335183129855716,12,0.342465753424658,10,"PTPRF","p_val_adj<0.05"
"DMTF1",1.48337166053748e-18,0.326277608617373,0.289,0.493,3.92870984293351e-14,0.361290322580645,10,0.343971631205674,9,"DMTF1","p_val_adj<0.05"
"THOC2",5.60243226012562e-27,0.325996372068857,0.607,0.83,1.48380418409427e-22,0.34715821812596,12,0.355789473684211,9,"THOC2","p_val_adj<0.05"
"IDH3B",2.64509123759621e-14,0.325734173995928,0.507,0.673,7.00552414277355e-10,0.338235294117647,12,0.407792207792208,8,"IDH3B","p_val_adj<0.05"
"ECI1",4.26418917922288e-17,0.325727232139695,0.686,0.823,1.12937050411718e-12,0.33695652173913,12,0.360934182590234,10,"ECI1","p_val_adj<0.05"
"PXMP4",6.50832249566416e-09,0.324898660341857,0.308,0.418,0.000172372921297665,0.321212121212121,9,0.606694560669456,7,"PXMP4","p_val_adj<0.05"
"RBBP5",2.64521970881826e-21,0.324494900945987,0.432,0.65,7.00586439880516e-17,0.365010799136069,12,0.376344086021505,9,"RBBP5","p_val_adj<0.05"
"CDIPT",1.98452778754399e-22,0.323775431818369,0.433,0.661,5.25602184531026e-18,0.313978494623656,11,0.378306878306878,9,"CDIPT","p_val_adj<0.05"
"LDHD",1.48468066185346e-44,0.32299961576545,0.044,0.285,3.9321767329189e-40,0.468085106382979,8,0.576687116564417,6,"LDHD","p_val_adj<0.05"
"EPRS",1.84819133287389e-21,0.322736776793385,0.6,0.794,4.8949347451165e-17,0.363354037267081,12,0.363436123348018,9,"EPRS","p_val_adj<0.05"
"PPCS",8.27266338609671e-22,0.322553912270149,0.67,0.825,2.19101489780771e-17,0.307371349095967,12,0.336864406779661,9,"PPCS","p_val_adj<0.05"
"KRTCAP2",6.17996459517003e-20,0.321837114520137,0.928,0.92,1.63676362303078e-15,0.331325301204819,13,0.361216730038023,8,"KRTCAP2","p_val_adj<0.05"
"OCLN",5.45442154850034e-20,0.321592293439771,0.631,0.808,1.44460354712032e-15,0.389955686853767,11,0.324675324675325,10,"OCLN","p_val_adj<0.05"
"DRAM1",1.5785840821638e-10,0.321579534024697,0.467,0.603,4.18087994161082e-06,0.427145708582834,9,0.469565217391304,8,"DRAM1","p_val_adj<0.05"
"SSR1",6.34945852047103e-10,0.320831494704044,0.728,0.839,1.68165408914675e-05,0.34955185659411,12,0.35625,8,"SSR1","p_val_adj<0.05"
"SNHG12",2.8645215973428e-14,0.32054901280328,0.527,0.678,7.5866854505624e-10,0.390459363957597,11,0.399484536082474,8,"SNHG12","p_val_adj<0.05"
"PSMB9",0.00080497613199406,0.320513275037215,0.602,0.684,1,0.408668730650155,12,0.40153452685422,9,"PSMB9","NS"
"LARP4B",1.08184834147102e-23,0.320048616169382,0.606,0.773,2.86527533238599e-19,0.324615384615385,11,0.343891402714932,10,"LARP4B","p_val_adj<0.05"
"RNF181",1.27989581604055e-13,0.319906053841074,0.737,0.804,3.38980406878341e-09,0.321112515802781,12,0.393478260869565,8,"RNF181","p_val_adj<0.05"
"CDR2L",4.50832884149988e-13,0.319816154641905,0.262,0.428,1.19403089367124e-08,0.501779359430605,10,0.457142857142857,7,"CDR2L","p_val_adj<0.05"
"CHD8",7.17181035415953e-25,0.31961356783276,0.435,0.668,1.89945397229915e-20,0.36830835117773,12,0.350785340314136,7,"CHD8","p_val_adj<0.05"
"TM7SF3",1.48432926976325e-15,0.319567856444405,0.418,0.612,3.93124607096797e-11,0.404017857142857,11,0.42,9,"TM7SF3","p_val_adj<0.05"
"MBTPS1",1.7445021498532e-17,0.31954245704022,0.451,0.65,4.6203139438862e-13,0.349173553719008,12,0.387096774193548,9,"MBTPS1","p_val_adj<0.05"
"ACAA1",2.16653063403963e-10,0.318808139214703,0.479,0.614,5.73805638425397e-06,0.361867704280156,13,0.396011396011396,10,"ACAA1","p_val_adj<0.05"
"DAPK1",4.01861720049654e-41,0.31809252479311,0.257,0.591,1.06433076555151e-36,0.409420289855072,9,0.387573964497041,9,"DAPK1","p_val_adj<0.05"
"DESI2",7.4232505181644e-41,0.317554561157784,0.337,0.652,1.96604789973584e-36,0.298342541436464,12,0.367292225201072,8,"DESI2","p_val_adj<0.05"
"TANGO6",9.68645598952459e-16,0.317204615729041,0.104,0.248,2.56545786882559e-11,0.410714285714286,9,0.514084507042254,6,"TANGO6","p_val_adj<0.05"
"WDR74",6.86829949699144e-13,0.317061685531236,0.552,0.691,1.81906912177818e-08,0.361486486486487,12,0.412658227848101,8,"WDR74","p_val_adj<0.05"
"ZSCAN31",1.49402806461013e-32,0.316754304775952,0.119,0.358,3.95693332911993e-28,0.375,9,0.6,6,"ZSCAN31","p_val_adj<0.05"
"IRX2",2.30718165834081e-14,0.316706088390863,0.562,0.741,6.11057062211564e-10,0.504145936981758,11,0.422169811320755,8,"IRX2","p_val_adj<0.05"
"TCEB2",1.14010011585612e-21,0.316676360122003,0.939,0.948,3.01955515684494e-17,0.322420634920635,13,0.348708487084871,10,"TCEB2","p_val_adj<0.05"
"UNC50",0.381493199419257,0.316674077638749,0.539,0.558,1,0.332179930795848,10,0.366771159874608,9,"UNC50","NS"
"WDR6",2.36809843003933e-07,0.31648020637181,0.528,0.598,0.00627190869195917,0.352733686067019,13,0.33625730994152,10,"WDR6","p_val_adj<0.05"
"VPS13D",1.3697112136263e-29,0.316443850104638,0.301,0.561,3.62768014928926e-25,0.312693498452012,11,0.38006230529595,9,"VPS13D","p_val_adj<0.05"
"SUCO",4.92186763248216e-33,0.316184130088442,0.328,0.624,1.3035566424629e-28,0.403409090909091,10,0.324929971988796,9,"SUCO","p_val_adj<0.05"
"FUS",1.71772688525805e-14,0.316140265027694,0.771,0.888,4.54939965560594e-10,0.313180169286578,12,0.34251968503937,8,"FUS","p_val_adj<0.05"
"MAD1L1",1.34445673140596e-27,0.316088020607743,0.22,0.477,3.56079365312867e-23,0.372881355932203,11,0.304029304029304,7,"MAD1L1","p_val_adj<0.05"
"VAMP3",9.14016471214407e-16,0.31574407478205,0.511,0.668,2.42077262401136e-11,0.295620437956204,12,0.321989528795811,10,"VAMP3","p_val_adj<0.05"
"IFITM3",0.114207930070155,0.315065785141856,0.958,0.962,1,0.351167315175097,13,0.352727272727273,10,"IFITM3","NS"
"ATP11A",3.73108710828908e-33,0.314418340746712,0.484,0.785,9.88178420630362e-29,0.416184971098266,12,0.383073496659243,9,"ATP11A","p_val_adj<0.05"
"PCMTD1",6.32809384469011e-24,0.314242662295913,0.571,0.774,1.67599565476618e-19,0.33278955954323,13,0.383747178329571,9,"PCMTD1","p_val_adj<0.05"
"FXYD5",1.08210411845727e-21,0.313919721489412,0.33,0.563,2.86595275773407e-17,0.392655367231638,12,0.428571428571429,9,"FXYD5","p_val_adj<0.05"
"AARS",3.57429368738973e-22,0.313518598979568,0.428,0.659,9.46651683105171e-18,0.291938997821351,11,0.374005305039788,9,"AARS","p_val_adj<0.05"
"CDV3",4.36744379549674e-08,0.313046175921444,0.696,0.781,0.00115671748923731,0.331994645247657,12,0.384787472035794,8,"CDV3","p_val_adj<0.05"
"PPL",5.37515097512079e-20,0.312855576702628,0.471,0.68,1.42360873576074e-15,0.388118811881188,12,0.372750642673522,8,"PPL","p_val_adj<0.05"
"C6orf106",1.52770363648699e-30,0.312470563343303,0.418,0.675,4.04612308123578e-26,0.300668151447661,12,0.365284974093264,9,"C6orf106","p_val_adj<0.05"
"COMMD2",9.08857259865032e-25,0.312468170506528,0.308,0.53,2.40710845275254e-20,0.312121212121212,10,0.504950495049505,8,"COMMD2","p_val_adj<0.05"
"GNPTG",2.14279338391983e-18,0.31198935853528,0.645,0.801,5.67518827731167e-14,0.310693641618497,12,0.336244541484716,9,"GNPTG","p_val_adj<0.05"
"NUAK2",2.77447485964396e-15,0.311874033391503,0.342,0.519,7.34819666576703e-11,0.365122615803815,12,0.387205387205387,8,"NUAK2","p_val_adj<0.05"
"PDLIM2",8.22870111269307e-25,0.311760955993625,0.187,0.43,2.17937148969676e-20,0.736318407960199,11,0.443089430894309,8,"PDLIM2","p_val_adj<0.05"
"RAB6A",7.43717302369645e-24,0.311302563624849,0.638,0.795,1.96973527532601e-19,0.363503649635037,11,0.342857142857143,9,"RAB6A","p_val_adj<0.05"
"CNIH4",3.52592835673454e-12,0.310142359991537,0.728,0.809,9.33842125281143e-08,0.316261203585147,12,0.380129589632829,10,"CNIH4","p_val_adj<0.05"
"TRAPPC6A",1.74880478619971e-05,0.310140432543207,0.54,0.638,0.463170947624994,0.309153713298791,13,0.361643835616438,10,"TRAPPC6A","NS"
"YBX1",1.18529500617386e-24,0.30931117722624,0.862,0.928,3.13925382385148e-20,0.328648648648649,12,0.355932203389831,9,"YBX1","p_val_adj<0.05"
"ABCF1",1.32969759483762e-21,0.309016299990804,0.626,0.841,3.52170407992745e-17,0.336309523809524,13,0.361746361746362,9,"ABCF1","p_val_adj<0.05"
"EMC1",9.64519185964353e-31,0.30892652366918,0.35,0.628,2.55452906402659e-26,0.345744680851064,12,0.387186629526462,8,"EMC1","p_val_adj<0.05"
"USP7",6.0663451289078e-24,0.308855742237225,0.481,0.72,1.60667150739123e-19,0.319767441860465,12,0.361650485436893,10,"USP7","p_val_adj<0.05"
"PGP",2.30619236983498e-26,0.308821991123803,0.365,0.6,6.10795049150794e-22,0.285714285714286,13,0.384839650145773,9,"PGP","p_val_adj<0.05"
"PPP2R5A",1.37389210714686e-36,0.308718250318261,0.396,0.699,3.63875324577847e-32,0.308235294117647,12,0.325,9,"PPP2R5A","p_val_adj<0.05"
"ARRB1",3.26046367674281e-35,0.308698148210789,0.296,0.601,8.63533804785334e-31,0.383647798742138,11,0.377906976744186,10,"ARRB1","p_val_adj<0.05"
"SRCAP",3.28276140443578e-23,0.308578651118728,0.394,0.619,8.69439357964817e-19,0.274231678486998,12,0.392655367231638,8,"SRCAP","p_val_adj<0.05"
"CISH",5.00511914075772e-20,0.308192416927687,0.148,0.341,1.32560580442968e-15,0.490566037735849,8,0.415384615384615,6,"CISH","p_val_adj<0.05"
"LRRC25",8.11868656856081e-27,0.308014415593914,0.037,0.196,2.15023413768333e-22,0.475,9,0.383928571428571,5,"LRRC25","p_val_adj<0.05"
"IL6R",6.31318484459971e-28,0.307561941875856,0.38,0.652,1.67204700609223e-23,0.397058823529412,11,0.348525469168901,9,"IL6R","p_val_adj<0.05"
"ACADVL",4.13118384945095e-16,0.307077485832022,0.614,0.79,1.09414404252708e-11,0.333839150227618,12,0.356194690265487,9,"ACADVL","p_val_adj<0.05"
"WWTR1",5.59633410974873e-18,0.306615018409585,0.584,0.724,1.48218908896695e-13,0.317384370015949,12,0.391304347826087,8,"WWTR1","p_val_adj<0.05"
"SNX5",2.74054878585941e-28,0.306483218531225,0.504,0.747,7.25834345934865e-24,0.312384473197782,13,0.360655737704918,9,"SNX5","p_val_adj<0.05"
"MXRA8",4.93511564773766e-44,0.306096581329171,0.044,0.278,1.30706537930332e-39,0.297872340425532,8,0.610062893081761,7,"MXRA8","p_val_adj<0.05"
"TNNC1",5.94005846981229e-64,0.305933824931109,0.034,0.337,1.57322448572979e-59,0.351351351351351,8,0.528497409326425,8,"TNNC1","p_val_adj<0.05"
"NFATC2IP",2.1841208011027e-12,0.304865909582082,0.428,0.589,5.7846439417205e-08,0.368191721132898,12,0.42433234421365,6,"NFATC2IP","p_val_adj<0.05"
"GALM",1.2010851905081e-25,0.304649469116773,0.38,0.626,3.1810741270607e-21,0.318627450980392,11,0.354748603351955,10,"GALM","p_val_adj<0.05"
"HMGCS1",0.0613765470180688,0.304649024222725,0.681,0.624,1,0.376196990424077,12,0.361344537815126,9,"HMGCS1","NS"
"VKORC1",6.97315410432155e-14,0.304586409614933,0.623,0.755,1.84683986452956e-09,0.376681614349776,12,0.333333333333333,8,"VKORC1","p_val_adj<0.05"
"ARL2BP",3.43116262507258e-10,0.304465645345023,0.448,0.584,9.08743421250472e-06,0.35966735966736,12,0.380239520958084,8,"ARL2BP","p_val_adj<0.05"
"FBP1",3.03379788357514e-34,0.304136796481563,0.345,0.705,8.03501369464876e-30,0.57027027027027,12,0.344913151364764,8,"FBP1","p_val_adj<0.05"
"LRRC47",1.3052976135538e-24,0.303815062812969,0.39,0.638,3.45708072949723e-20,0.370813397129187,10,0.342465753424658,9,"LRRC47","p_val_adj<0.05"
"SLC25A36",8.6754229951918e-17,0.303798599184452,0.407,0.594,2.29768578027655e-12,0.450800915331808,11,0.361764705882353,8,"SLC25A36","p_val_adj<0.05"
"BROX",2.6617799131659e-14,0.30361496940398,0.596,0.74,7.04972410001988e-10,0.300469483568075,12,0.356973995271868,8,"BROX","p_val_adj<0.05"
"NARFL",3.64702528490952e-19,0.302557632045086,0.211,0.411,9.65914646708287e-15,0.300884955752212,11,0.476595744680851,8,"NARFL","p_val_adj<0.05"
"MYO1B",6.74920811916854e-09,0.302428024803798,0.563,0.664,0.000178752777036179,0.332781456953642,12,0.413157894736842,9,"MYO1B","p_val_adj<0.05"
"MAGED1",2.945622698131e-11,0.302014303387318,0.612,0.733,7.80148171599996e-07,0.374429223744292,13,0.317422434367542,9,"MAGED1","p_val_adj<0.05"
"KPNA6",1.45717229349778e-12,0.301999626591817,0.764,0.865,3.85932081932887e-08,0.321951219512195,12,0.345454545454545,9,"KPNA6","p_val_adj<0.05"
"GUK1",2.42299476004131e-14,0.300713877914913,0.912,0.93,6.41730162196941e-10,0.321756894790603,13,0.359022556390977,10,"GUK1","p_val_adj<0.05"
"UXS1",4.47100207646207e-19,0.30054215882487,0.445,0.659,1.18414489995098e-14,0.360587002096436,12,0.358090185676393,9,"UXS1","p_val_adj<0.05"
"PITHD1",7.5051150594694e-19,0.300292039833541,0.485,0.687,1.98772972350047e-14,0.3,11,0.376590330788804,8,"PITHD1","p_val_adj<0.05"
"AKR7A2",1.11098250336016e-05,0.300169374902223,0.649,0.729,0.294243716014939,0.379310344827586,13,0.369304556354916,9,"AKR7A2","NS"
"FAM184A",2.9266528338485e-20,0.30008840852785,0.355,0.565,7.75124003044776e-16,0.454068241469816,10,0.458204334365325,8,"FAM184A","p_val_adj<0.05"
"SMARCA1",1.46344224747625e-42,0.300079735289199,0.239,0.566,3.87592679244084e-38,0.42578125,10,0.376543209876543,9,"SMARCA1","p_val_adj<0.05"
"IST1",3.82838313718053e-20,0.299566852287717,0.628,0.788,1.01394727388226e-15,0.34272997032641,13,0.376940133037694,9,"IST1","p_val_adj<0.05"
"YWHAG",1.61927964204806e-13,0.299404690494107,0.529,0.675,4.2886621319643e-09,0.332746478873239,12,0.367875647668394,9,"YWHAG","p_val_adj<0.05"
"RARRES1",1.21463358335794e-16,0.299212682347293,0.292,0.1,3.2169570455235e-12,0.811501597444089,10,0.649122807017544,6,"RARRES1","p_val_adj<0.05"
"EHD1",3.27485723404952e-12,0.299117578216001,0.475,0.615,8.67345938438017e-08,0.386274509803922,12,0.448863636363636,7,"EHD1","p_val_adj<0.05"
"C1orf35",4.7709141602263e-25,0.297382874732888,0.461,0.687,1.26357661533593e-20,0.365656565656566,11,0.402035623409669,8,"C1orf35","p_val_adj<0.05"
"MR1",1.65572190106547e-25,0.297149270094373,0.291,0.53,4.38517945497191e-21,0.342948717948718,11,0.409240924092409,8,"MR1","p_val_adj<0.05"
"SYDE2",4.05032839815507e-37,0.296917551059451,0.15,0.425,1.07272947625137e-32,0.335403726708075,10,0.539094650205761,7,"SYDE2","p_val_adj<0.05"
"RPL13",1.50601688922399e-14,0.29690630228896,0.992,0.991,3.98868573110974e-10,0.347744360902256,13,0.342151675485009,10,"RPL13","p_val_adj<0.05"
"FHOD1",2.52753639718098e-27,0.296302417470993,0.226,0.477,6.69418014793384e-23,0.334710743801653,11,0.380952380952381,7,"FHOD1","p_val_adj<0.05"
"APMAP",1.08426879555672e-09,0.29587724420861,0.537,0.659,2.87168590503196e-05,0.331597222222222,12,0.389920424403183,9,"APMAP","p_val_adj<0.05"
"CHCHD2",6.65488455566765e-17,0.29550614028126,0.927,0.93,1.76254617456858e-12,0.324623115577889,13,0.343984962406015,10,"CHCHD2","p_val_adj<0.05"
"MARC2",1.79290021313869e-33,0.295014928096057,0.161,0.425,4.74849621449783e-29,0.335260115606936,10,0.469135802469136,8,"MARC2","p_val_adj<0.05"
"MAVS",2.07975452471563e-16,0.294841671432607,0.505,0.68,5.50822985870935e-12,0.365313653136531,12,0.38560411311054,8,"MAVS","p_val_adj<0.05"
"ALG1",4.44422987985767e-15,0.294627345829915,0.289,0.463,1.1770542836803e-10,0.354838709677419,10,0.415094339622642,6,"ALG1","p_val_adj<0.05"
"MUC3A",0.28536590121624,0.294438532138415,0.287,0.311,1,0.506493506493506,8,0.640449438202247,7,"MUC3A","NS"
"QKI",1.64108821143873e-21,0.294390991343048,0.362,0.573,4.34642212799548e-17,0.322164948453608,12,0.466463414634146,8,"QKI","p_val_adj<0.05"
"HOOK3",1.48088783816467e-09,0.293071018241243,0.532,0.678,3.92213143937914e-05,0.352014010507881,12,0.309278350515464,9,"HOOK3","p_val_adj<0.05"
"EXPH5",1.3897685758654e-16,0.293035505566453,0.622,0.781,3.6808020731795e-12,0.367316341829085,12,0.355704697986577,9,"EXPH5","p_val_adj<0.05"
"SRSF6",0.00187127961803668,0.29292876348725,0.739,0.799,1,0.307692307692308,12,0.332603938730853,10,"SRSF6","NS"
"GAS5",5.14109136476582e-19,0.292743806660279,0.712,0.841,1.36161804795823e-14,0.31282722513089,12,0.355509355509356,9,"GAS5","p_val_adj<0.05"
"PHKG2",3.5310929464201e-05,0.292394495511776,0.575,0.626,0.935209966859363,0.411669367909238,12,0.363128491620112,9,"PHKG2","NS"
"PIGA",1.76994734200455e-08,0.291734398556713,0.308,0.409,0.000468770553529906,0.406060606060606,11,0.435897435897436,8,"PIGA","p_val_adj<0.05"
"CPAMD8",4.71095867205134e-41,0.290449215794838,0.14,0.435,1.2476974042928e-36,0.433333333333333,8,0.429718875502008,8,"CPAMD8","p_val_adj<0.05"
"DDRGK1",2.41073178628941e-12,0.290302014482186,0.654,0.769,6.38482313598751e-08,0.317663817663818,12,0.379545454545455,8,"DDRGK1","p_val_adj<0.05"
"ADCK3",5.88028205876343e-19,0.289886730228824,0.27,0.483,1.55739270326349e-14,0.36551724137931,11,0.391304347826087,7,"ADCK3","p_val_adj<0.05"
"LGSN",3.956514853081e-39,0.289361241971131,0.023,0.22,1.0478829588385e-34,0.36,7,0.579365079365079,6,"LGSN","p_val_adj<0.05"
"FAM129A",5.4142321368309e-11,0.288936456273927,0.241,0.372,1.43395938143966e-06,0.590733590733591,11,0.610328638497653,6,"FAM129A","p_val_adj<0.05"
"BLVRA",3.21147768136921e-14,0.288134438461449,0.678,0.809,8.50559863910636e-10,0.352132049518569,12,0.354211663066955,9,"BLVRA","p_val_adj<0.05"
"SLC9A5",2.12344322089309e-26,0.287997064838734,0.061,0.238,5.62393937053534e-22,0.507692307692308,8,0.551470588235294,5,"SLC9A5","p_val_adj<0.05"
"SPINT2",2.77181307258815e-12,0.287884797204702,0.94,0.963,7.34114692274973e-08,0.32804757185332,13,0.352087114337568,9,"SPINT2","p_val_adj<0.05"
"UBN1",2.07293413803039e-24,0.287723193037227,0.414,0.661,5.4901660645735e-20,0.322072072072072,12,0.335978835978836,9,"UBN1","p_val_adj<0.05"
"NEDD8",1.63058407082146e-08,0.287548233793382,0.885,0.879,0.000431860191157063,0.321052631578947,13,0.353876739562624,8,"NEDD8","p_val_adj<0.05"
"EGFR",7.77777519649363e-18,0.28739505920448,0.548,0.736,2.05994376079134e-13,0.454081632653061,12,0.368171021377672,8,"EGFR","p_val_adj<0.05"
"SSU72",1.41603269172182e-11,0.286852848571684,0.782,0.851,3.75036258402523e-07,0.34803337306317,12,0.363449691991786,10,"SSU72","p_val_adj<0.05"
"FUCA1",2.39402236996176e-05,0.286360983709935,0.563,0.642,0.634056824684373,0.327814569536424,11,0.326975476839237,9,"FUCA1","NS"
"GPRIN2",8.27570627832331e-36,0.285950775363781,0.03,0.219,2.19182080781393e-31,0.28125,8,0.664,6,"GPRIN2","p_val_adj<0.05"
"RBP1",0.0145885711458894,0.285658505988004,0.24,0.283,1,0.638132295719844,9,0.783950617283951,7,"RBP1","NS"
"GOLGA4",8.31984222946313e-15,0.285359914282352,0.739,0.844,2.20351021447331e-10,0.316519546027743,12,0.356107660455487,9,"GOLGA4","p_val_adj<0.05"
"C3orf58",2.28522709145493e-06,0.284783396973925,0.238,0.329,0.0605242395171839,0.356862745098039,10,0.409574468085106,8,"C3orf58","NS"
"ATL2",1.97266479574471e-25,0.284758187344191,0.42,0.656,5.22460271152986e-21,0.370288248337029,11,0.352,10,"ATL2","p_val_adj<0.05"
"PDCD4",3.70172775551693e-13,0.284663906964047,0.441,0.598,9.8040259604866e-09,0.547568710359408,13,0.441520467836257,10,"PDCD4","p_val_adj<0.05"
"PSMD7",1.60323460856127e-14,0.284564497465796,0.713,0.836,4.24616686077452e-10,0.339869281045752,13,0.338912133891213,10,"PSMD7","p_val_adj<0.05"
"XAF1",1.73688960119373e-06,0.284559876308366,0.534,0.631,0.0460015210876159,0.368237347294939,10,0.445983379501385,10,"XAF1","p_val_adj<0.05"
"FBXO42",5.50078399853654e-21,0.284427981481044,0.223,0.439,1.4568826420124e-16,0.359832635983264,10,0.47808764940239,6,"FBXO42","p_val_adj<0.05"
"ADGRF5",1.11422574971079e-27,0.284388001660713,0.486,0.787,2.95102689810903e-23,0.475095785440613,10,0.368888888888889,8,"ADGRF5","p_val_adj<0.05"
"C7orf50",2.17616857242708e-15,0.284322480576158,0.692,0.848,5.76358246407312e-11,0.355795148247978,13,0.34639175257732,9,"C7orf50","p_val_adj<0.05"
"SEMA4A",0.00174105203373876,0.284258227776946,0.373,0.444,1,0.4075,12,0.318897637795276,8,"SEMA4A","NS"
"TAPBP",1.00794679572872e-15,0.284227340784529,0.884,0.962,2.66954708848751e-11,0.347734457323498,12,0.338181818181818,9,"TAPBP","p_val_adj<0.05"
"NRIP3",2.06325837837443e-33,0.284134221936732,0.061,0.271,5.46453981512469e-29,0.353846153846154,10,0.483870967741935,7,"NRIP3","p_val_adj<0.05"
"PHIP",3.35302564748235e-16,0.283900387514449,0.684,0.839,8.88048842735701e-12,0.344686648501362,12,0.360416666666667,9,"PHIP","p_val_adj<0.05"
"WWP2",1.83724119484255e-22,0.283881844234176,0.281,0.502,4.86593330454048e-18,0.431893687707641,12,0.40418118466899,9,"WWP2","p_val_adj<0.05"
"GSE1",1.65529963578212e-25,0.283848823510451,0.433,0.694,4.38406108536893e-21,0.331182795698925,11,0.375314861460957,9,"GSE1","p_val_adj<0.05"
"MED8",2.77763817789436e-28,0.283550631919675,0.369,0.631,7.35657471415321e-24,0.361111111111111,13,0.373961218836565,7,"MED8","p_val_adj<0.05"
"SULT1A1",8.69139788386438e-23,0.283155764718085,0.333,0.586,2.30191672954148e-18,0.378151260504202,12,0.391044776119403,9,"SULT1A1","p_val_adj<0.05"
"TRIM44",8.35305510205361e-15,0.282405412613499,0.559,0.736,2.2123066437789e-10,0.32,13,0.332541567695962,10,"TRIM44","p_val_adj<0.05"
"RPL8",3.51745112167646e-07,0.28187066146366,0.969,0.981,0.00931596929576009,0.342307692307692,13,0.345811051693405,10,"RPL8","p_val_adj<0.05"
"C1orf210",5.22280247175402e-27,0.281846754579487,0.352,0.621,1.38325923464405e-22,0.455026455026455,10,0.369014084507042,8,"C1orf210","p_val_adj<0.05"
"HLTF",2.79814645914246e-27,0.281805112492119,0.298,0.566,7.41089089703881e-23,0.340625,11,0.410493827160494,8,"HLTF","p_val_adj<0.05"
"TCOF1",4.10484737557145e-13,0.281778863078692,0.403,0.566,1.0871688274201e-08,0.361111111111111,11,0.37962962962963,8,"TCOF1","p_val_adj<0.05"
"TINF2",2.60420997112441e-12,0.28167649979046,0.391,0.554,6.89725010852301e-08,0.395238095238095,10,0.32807570977918,10,"TINF2","p_val_adj<0.05"
"MX1",0.000773815034191746,0.281553213184584,0.575,0.654,1,0.329011345218801,12,0.438502673796791,9,"MX1","NS"
"TUBB",1.11404033209818e-19,0.281501169897056,0.657,0.867,2.95053581956203e-15,0.443971631205674,13,0.366935483870968,10,"TUBB","p_val_adj<0.05"
"BOK",1.82192736382488e-31,0.280756217093859,0.177,0.434,4.82537462309019e-27,0.357894736842105,11,0.326612903225806,6,"BOK","p_val_adj<0.05"
"APOA1BP",6.22970969929749e-10,0.280317985800168,0.705,0.794,1.64993861385894e-05,0.332892998678996,12,0.365638766519824,8,"APOA1BP","p_val_adj<0.05"
"FTL",1.12925698334502e-28,0.279682332696221,0.979,0.981,2.9908371203893e-24,0.34,13,0.345811051693405,10,"FTL","p_val_adj<0.05"
"APOL2",5.54036738897417e-16,0.279466859676761,0.39,0.594,1.46736630296981e-11,0.35799522673031,11,0.432352941176471,9,"APOL2","p_val_adj<0.05"
"CSRP1",1.45105166922293e-12,0.278888975248659,0.536,0.684,3.84311034593693e-08,0.306086956521739,12,0.319693094629156,9,"CSRP1","p_val_adj<0.05"
"YOD1",1.52804777797395e-14,0.278629217823973,0.219,0.386,4.04703453996401e-10,0.374468085106383,12,0.452488687782805,8,"YOD1","p_val_adj<0.05"
"UQCRC2",4.56841545882758e-12,0.27739262145358,0.598,0.726,1.20994483427048e-07,0.328660436137072,12,0.356626506024096,8,"UQCRC2","p_val_adj<0.05"
"STAT1",2.60742807387618e-10,0.277387493799834,0.613,0.691,6.90577325366107e-06,0.297872340425532,12,0.455696202531646,8,"STAT1","p_val_adj<0.05"
"PRICKLE1",1.4439207581941e-42,0.277307287398322,0.087,0.355,3.82422412807708e-38,0.709677419354839,9,0.54679802955665,6,"PRICKLE1","p_val_adj<0.05"
"SLC16A4",9.71776118628869e-51,0.27705277859763,0.127,0.448,2.57374905018856e-46,0.272058823529412,10,0.421875,8,"SLC16A4","p_val_adj<0.05"
"PABPC4",3.43256699489269e-36,0.276833614714767,0.403,0.706,9.0911536859733e-32,0.314814814814815,11,0.336633663366337,9,"PABPC4","p_val_adj<0.05"
"MYCBP2",2.27841094248796e-10,0.276797382481428,0.404,0.547,6.03437138117936e-06,0.311059907834101,11,0.421725239616613,8,"MYCBP2","p_val_adj<0.05"
"H2AFV",7.40007518709509e-19,0.2766795878155,0.809,0.876,1.95990991330214e-14,0.338709677419355,13,0.333333333333333,10,"H2AFV","p_val_adj<0.05"
"CCNL2",2.93706767007291e-14,0.276424050430732,0.549,0.717,7.77882372418811e-10,0.371816638370119,11,0.370731707317073,9,"CCNL2","p_val_adj<0.05"
"TMEM9",3.3529071530174e-13,0.275711234042649,0.719,0.822,8.88017459476659e-09,0.335927367055772,12,0.348936170212766,9,"TMEM9","p_val_adj<0.05"
"HLA-F",6.36294859806134e-10,0.275659055058354,0.616,0.745,1.68522693619655e-05,0.376701966717095,12,0.342723004694836,10,"HLA-F","p_val_adj<0.05"
"LTBP3",3.44635502661206e-24,0.274987025129702,0.51,0.76,9.12767128798205e-20,0.488117001828154,12,0.36551724137931,9,"LTBP3","p_val_adj<0.05"
"NAA60",9.84016427044551e-25,0.274839971380957,0.351,0.593,2.60616750702749e-20,0.312997347480106,12,0.348082595870207,9,"NAA60","p_val_adj<0.05"
"C1orf122",3.37942623379266e-16,0.274827788196482,0.555,0.734,8.95041038019986e-12,0.345637583892617,12,0.361904761904762,8,"C1orf122","p_val_adj<0.05"
"CCDC115",4.40082408535871e-17,0.274806825859219,0.355,0.566,1.16555825900725e-12,0.325459317585302,10,0.37962962962963,9,"CCDC115","p_val_adj<0.05"
"ADRB2",1.00890884379476e-11,0.274686163621276,0.458,0.593,2.67209507279043e-07,0.441955193482688,10,0.433628318584071,9,"ADRB2","p_val_adj<0.05"
"LMNA",1.38735517134073e-13,0.274237154516834,0.91,0.967,3.67441017129592e-09,0.344262295081967,12,0.33996383363472,10,"LMNA","p_val_adj<0.05"
"BAMBI",3.47976798307783e-17,0.273664131982147,0.414,0.614,9.21616550318162e-13,0.394144144144144,11,0.35042735042735,8,"BAMBI","p_val_adj<0.05"
"TCEB1",0.00046419445220903,0.273580745163995,0.784,0.801,1,0.325802615933413,13,0.35589519650655,9,"TCEB1","NS"
"CLTB",3.41843126799448e-07,0.27356287131935,0.642,0.731,0.00905371521328338,0.314949201741655,13,0.366028708133971,10,"CLTB","p_val_adj<0.05"
"MDM4",6.21337070985974e-12,0.273379572875443,0.742,0.855,1.64561123250635e-07,0.337939698492462,11,0.34560327198364,10,"MDM4","p_val_adj<0.05"
"RB1CC1",1.07357710029845e-13,0.273197810172488,0.599,0.74,2.84336895014044e-09,0.399688958009331,12,0.312056737588652,9,"RB1CC1","p_val_adj<0.05"
"FABP3",2.42358188473679e-32,0.273114805867977,0.049,0.247,6.41885662172538e-28,0.433962264150943,8,0.418439716312057,6,"FABP3","p_val_adj<0.05"
"TCF25",3.22033698250427e-11,0.273042043252065,0.698,0.815,8.52906249816255e-07,0.365821094793057,13,0.362660944206009,9,"TCF25","p_val_adj<0.05"
"POLH",4.07446467785129e-19,0.272651158516956,0.309,0.507,1.07912196992891e-14,0.370481927710843,10,0.379310344827586,8,"POLH","p_val_adj<0.05"
"CCND3",5.5252566157145e-11,0.272589391804646,0.58,0.72,1.46336421467199e-06,0.313504823151125,12,0.419902912621359,8,"CCND3","p_val_adj<0.05"
"SELM",1.12607247014103e-20,0.272480778649276,0.454,0.682,2.98240293716852e-16,0.427104722792608,12,0.356410256410256,9,"SELM","p_val_adj<0.05"
"GSAP",8.30525130739157e-47,0.272338269297761,0.194,0.524,2.19964580876266e-42,0.365384615384615,9,0.406666666666667,7,"GSAP","p_val_adj<0.05"
"AURKAIP1",1.81305301186873e-09,0.271792879439882,0.866,0.874,4.80187090193434e-05,0.328310010764263,13,0.348,10,"AURKAIP1","p_val_adj<0.05"
"ARHGEF17",6.80066891636649e-17,0.271685324071968,0.256,0.441,1.80115716249966e-12,0.389090909090909,11,0.357142857142857,7,"ARHGEF17","p_val_adj<0.05"
"F11R",9.73764971581462e-12,0.27168405759883,0.83,0.914,2.5790165272335e-07,0.32996632996633,12,0.347992351816444,10,"F11R","p_val_adj<0.05"
"MRPS18A",2.1508658879205e-12,0.271648499028867,0.48,0.642,5.69656830415745e-08,0.297087378640777,12,0.348773841961853,9,"MRPS18A","p_val_adj<0.05"
"DFFA",8.8917571016788e-15,0.271484081329664,0.407,0.598,2.35498186837963e-10,0.290617848970252,12,0.359649122807018,7,"DFFA","p_val_adj<0.05"
"BEX4",9.90206256919581e-28,0.271316294015468,0.279,0.566,2.62256127145151e-23,0.57190635451505,10,0.367283950617284,8,"BEX4","p_val_adj<0.05"
"GBA",1.08605832457362e-16,0.271205796753349,0.391,0.577,2.87642547263323e-12,0.326190476190476,9,0.378787878787879,8,"GBA","p_val_adj<0.05"
"DDAH1",6.54078751761365e-11,0.270823399950669,0.626,0.75,1.73232757403998e-06,0.300595238095238,12,0.344988344988345,9,"DDAH1","p_val_adj<0.05"
"SLC3A2",1.42891903606257e-06,0.270685671780797,0.678,0.794,0.0378449206701171,0.359009628610729,12,0.385462555066079,9,"SLC3A2","p_val_adj<0.05"
"SNTB2",7.73747190139971e-14,0.269590981343339,0.335,0.503,2.04926943308571e-09,0.328690807799443,11,0.440972222222222,7,"SNTB2","p_val_adj<0.05"
"COX4I1",7.42932545810511e-08,0.269534266700166,0.936,0.956,0.00196765684757914,0.323705179282869,13,0.349177330895795,10,"COX4I1","p_val_adj<0.05"
"CD46",1.39472566509668e-19,0.269416247683998,0.824,0.921,3.69393092400855e-15,0.354072398190045,12,0.330170777988615,10,"CD46","p_val_adj<0.05"
"OSBPL9",3.32710039424142e-25,0.269196530044146,0.476,0.708,8.81182539414841e-21,0.340508806262231,12,0.348148148148148,9,"OSBPL9","p_val_adj<0.05"
"CYR61",1.07500848816313e-06,0.26905806194202,0.721,0.815,0.0284715998090005,0.363049095607235,11,0.396995708154506,10,"CYR61","p_val_adj<0.05"
"ETF1",4.10590802287425e-07,0.268882380936205,0.641,0.736,0.0108744973985825,0.316860465116279,12,0.353919239904988,9,"ETF1","p_val_adj<0.05"
"ARC",2.12102470525683e-06,0.268758639281985,0.107,0.187,0.0561753393187272,0.504347826086956,8,0.672897196261682,5,"ARC","NS"
"UBR2",1.53326428100362e-20,0.268712011117457,0.437,0.649,4.06085044823808e-16,0.309168443496802,11,0.380053908355795,8,"UBR2","p_val_adj<0.05"
"TACSTD2",1.69877442468257e-06,0.267914472242209,0.937,0.949,0.0449920406377178,0.332338308457711,12,0.349907918968692,10,"TACSTD2","p_val_adj<0.05"
"TBL1XR1",6.44142379763579e-10,0.267533308807111,0.711,0.792,1.70601109280384e-05,0.317169069462647,12,0.384105960264901,9,"TBL1XR1","p_val_adj<0.05"
"HSH2D",7.94045865155468e-05,0.26709798308554,0.284,0.365,1,0.321311475409836,12,0.507177033492823,9,"HSH2D","NS"
"NUDT9",3.38085358523824e-06,0.266636556307752,0.385,0.483,0.0895419072050347,0.329297820823245,10,0.543478260869565,9,"NUDT9","NS"
"MYO1C",2.30444572653243e-17,0.266344415316018,0.451,0.664,6.10332450672114e-13,0.380165289256198,11,0.373684210526316,9,"MYO1C","p_val_adj<0.05"
"SERINC5",4.17593480846379e-06,0.266294672561361,0.608,0.722,0.110599633402163,0.352760736196319,11,0.346246973365617,9,"SERINC5","NS"
"ECI2",2.34100524070146e-13,0.265751739277735,0.358,0.552,6.20015237999781e-09,0.377604166666667,13,0.332278481012658,9,"ECI2","p_val_adj<0.05"
"PAPD5",5.00094059939635e-12,0.265444180693844,0.346,0.5,1.32449911775012e-07,0.433962264150943,11,0.377622377622378,7,"PAPD5","p_val_adj<0.05"
"GOLGB1",2.06316205829062e-13,0.265430113362672,0.82,0.904,5.4642847113827e-09,0.314772727272727,12,0.340425531914894,9,"GOLGB1","p_val_adj<0.05"
"TRAPPC3",1.92226736100094e-15,0.265191818996488,0.633,0.792,5.09112510561099e-11,0.309278350515464,12,0.339955849889625,9,"TRAPPC3","p_val_adj<0.05"
"SBDS",5.86520264888564e-12,0.264097698379346,0.662,0.813,1.55339892155736e-07,0.369014084507042,13,0.363440860215054,10,"SBDS","p_val_adj<0.05"
"POGK",1.53186195409439e-20,0.263988232462561,0.267,0.477,4.05713638541898e-16,0.367132867132867,10,0.326007326007326,8,"POGK","p_val_adj<0.05"
"GDF15",2.11654140941836e-07,0.263929924159152,0.695,0.855,0.00560565992284452,0.369973190348525,12,0.347648261758691,8,"GDF15","p_val_adj<0.05"
"TSTA3",5.27600216435567e-09,0.263181356046854,0.561,0.692,0.00013973491732296,0.284053156146179,13,0.353535353535354,10,"TSTA3","p_val_adj<0.05"
"TNFRSF12A",0.820061250827743,0.2627925492207,0.65,0.656,1,0.33428981348637,12,0.408,9,"TNFRSF12A","NS"
"MPV17L2",8.06158599704923e-13,0.262600042782912,0.185,0.329,2.13511105131849e-08,0.343434343434343,10,0.49468085106383,9,"MPV17L2","p_val_adj<0.05"
"TMEM180",3.94086703108606e-29,0.262140324431555,0.153,0.4,1.04373863318314e-24,0.469512195121951,10,0.384279475982533,9,"TMEM180","p_val_adj<0.05"
"PWWP2A",2.65707551443077e-17,0.261834245244621,0.384,0.591,7.03726449996989e-13,0.400485436893204,11,0.381656804733728,8,"PWWP2A","p_val_adj<0.05"
"ZNF75A",1.66741185997456e-20,0.26183395566897,0.171,0.369,4.41614031114261e-16,0.377049180327869,10,0.412322274881517,7,"ZNF75A","p_val_adj<0.05"
"CYB5B",1.53720917803425e-18,0.261755916747485,0.427,0.628,4.07129850802371e-14,0.305676855895196,12,0.370473537604457,9,"CYB5B","p_val_adj<0.05"
"BPTF",2.74998014843003e-06,0.261644284777523,0.736,0.809,0.0728332242311695,0.329113924050633,12,0.365010799136069,9,"BPTF","NS"
"KHNYN",7.84729633007078e-17,0.261596801064473,0.321,0.517,2.07835643301924e-12,0.427325581395349,11,0.408783783783784,8,"KHNYN","p_val_adj<0.05"
"SMAP1",2.9790185722382e-38,0.261493660829529,0.388,0.685,7.88993068857287e-34,0.430288461538462,10,0.433673469387755,9,"SMAP1","p_val_adj<0.05"
"KLHL35",6.6817913810594e-53,0.261482155969304,0.046,0.32,1.76967244727358e-48,0.244897959183673,10,0.644808743169399,7,"KLHL35","p_val_adj<0.05"
"RIPK1",4.04516164895108e-24,0.261458512626987,0.3,0.523,1.07136106272469e-19,0.347826086956522,11,0.394648829431438,6,"RIPK1","p_val_adj<0.05"
"ESRP2",5.65983998832385e-21,0.261278692673587,0.228,0.448,1.49900862090757e-16,0.314285714285714,12,0.3984375,8,"ESRP2","p_val_adj<0.05"
"FOXJ3",2.94968860875114e-22,0.26075909460359,0.404,0.617,7.81225028027739e-18,0.334101382488479,12,0.396600566572238,8,"FOXJ3","p_val_adj<0.05"
"SCUBE3",8.64602957801385e-11,0.260363751217871,0.178,0.309,2.28990093373697e-06,0.481675392670157,11,0.361581920903955,6,"SCUBE3","p_val_adj<0.05"
"RASL11A",4.71124143995658e-24,0.260265151330603,0.139,0.344,1.2477722953725e-19,0.536912751677852,10,0.538071065989848,8,"RASL11A","p_val_adj<0.05"
"IFI30",1.41014697713778e-18,0.259692993572264,0.447,0.645,3.7347742689494e-14,0.34375,13,0.428184281842818,9,"IFI30","p_val_adj<0.05"
"TFAP2C",9.75818490841258e-14,0.259660347909263,0.586,0.72,2.58445527299307e-09,0.337042925278219,12,0.33252427184466,8,"TFAP2C","p_val_adj<0.05"
"GYLTL1B",8.64017824751993e-37,0.259406495060164,0.141,0.43,2.28835120885565e-32,0.298013245033113,10,0.357723577235772,6,"GYLTL1B","p_val_adj<0.05"
"COX14",0.000141787120267027,0.259355026541616,0.762,0.816,1,0.336185819070905,12,0.321199143468951,10,"COX14","NS"
"PPP1R9A",6.16834573885874e-11,0.259236283957379,0.438,0.582,1.63368636893674e-06,0.363829787234043,11,0.381381381381381,8,"PPP1R9A","p_val_adj<0.05"
"RFC1",1.13249954926769e-31,0.259041897855303,0.386,0.684,2.99942505623547e-27,0.306763285024155,13,0.363171355498721,9,"RFC1","p_val_adj<0.05"
"LIFR",4.69367872769317e-22,0.258670260476856,0.267,0.491,1.24312081102954e-17,0.58041958041958,12,0.448398576512456,7,"LIFR","p_val_adj<0.05"
"NASP",2.15007666651274e-12,0.258570398390881,0.624,0.788,5.69447805125899e-08,0.325373134328358,12,0.376940133037694,8,"NASP","p_val_adj<0.05"
"COPB2",8.36826794041814e-13,0.257972124307803,0.678,0.818,2.21633576401974e-08,0.325549450549451,12,0.35042735042735,10,"COPB2","p_val_adj<0.05"
"SPEN",1.65242787271764e-21,0.257747322595629,0.517,0.713,4.37645522089268e-17,0.315315315315315,12,0.397058823529412,8,"SPEN","p_val_adj<0.05"
"LPCAT1",2.17494539728822e-16,0.257326756300011,0.508,0.729,5.76034288471786e-12,0.504587155963303,12,0.407673860911271,8,"LPCAT1","p_val_adj<0.05"
"TPPP",1.87684069536194e-21,0.256707982453807,0.119,0.306,4.97081258166609e-17,0.46875,9,0.428571428571429,6,"TPPP","p_val_adj<0.05"
"PTPN1",1.7899286479863e-14,0.256049063211476,0.441,0.628,4.74062602419172e-10,0.365750528541226,13,0.32033426183844,8,"PTPN1","p_val_adj<0.05"
"ARHGAP1",3.63979907122444e-13,0.255953005022128,0.61,0.778,9.64000784013793e-09,0.312977099236641,13,0.328089887640449,9,"ARHGAP1","p_val_adj<0.05"
"UBR4",4.16060561264621e-17,0.255718167726737,0.533,0.712,1.10193639650935e-12,0.309440559440559,12,0.383292383292383,8,"UBR4","p_val_adj<0.05"
"PER3",4.32300274871334e-35,0.255634787667386,0.194,0.484,1.14494727799673e-30,0.548076923076923,11,0.418772563176895,7,"PER3","p_val_adj<0.05"
"INADL",3.80091664181855e-20,0.255587693004346,0.546,0.745,1.00667277258564e-15,0.361774744027304,12,0.363849765258216,9,"INADL","p_val_adj<0.05"
"PDXDC2P",1.19261328896734e-30,0.254972154747145,0.327,0.591,3.15863629582999e-26,0.333333333333333,12,0.387573964497041,9,"PDXDC2P","p_val_adj<0.05"
"BATF2",3.14596102051346e-21,0.254870430896794,0.044,0.185,8.33207776282989e-17,0.404255319148936,7,0.641509433962264,6,"BATF2","p_val_adj<0.05"
"DDX17",1.0031968863295e-11,0.254554723476014,0.903,0.946,2.65696695344368e-07,0.327141382868937,13,0.327171903881701,10,"DDX17","p_val_adj<0.05"
"KIF16B",2.95131360805019e-15,0.254286869164737,0.273,0.462,7.81655409092093e-11,0.477815699658703,12,0.446969696969697,6,"KIF16B","p_val_adj<0.05"
"VSIG10",7.98992284241502e-27,0.254201926430081,0.229,0.483,2.11613106481362e-22,0.357723577235772,9,0.347826086956522,9,"VSIG10","p_val_adj<0.05"
"NOL9",5.30981198119414e-21,0.253583131169649,0.279,0.514,1.40630370321927e-16,0.321070234113712,11,0.363945578231293,8,"NOL9","p_val_adj<0.05"
"TERF2IP",4.1996213840435e-11,0.253522985643461,0.618,0.755,1.11226972356392e-06,0.343891402714932,13,0.354166666666667,9,"TERF2IP","p_val_adj<0.05"
"TMEM219",1.7534478973636e-10,0.253382291636745,0.787,0.878,4.64400675616751e-06,0.360189573459716,12,0.330677290836653,10,"TMEM219","p_val_adj<0.05"
"SF3B1",9.50852294860762e-10,0.253330676122582,0.719,0.823,2.51833230293873e-05,0.309987029831388,12,0.360934182590234,9,"SF3B1","p_val_adj<0.05"
"C4BPB",4.12845046132708e-10,0.25289123983203,0.323,0.477,1.09342010468248e-05,0.573487031700288,9,0.553113553113553,5,"C4BPB","p_val_adj<0.05"
"FNIP2",9.77295999432772e-12,0.252867345838631,0.254,0.414,2.5883684544977e-07,0.446886446886447,10,0.443037974683544,6,"FNIP2","p_val_adj<0.05"
"DAND5",9.11944131149523e-09,0.25277863824912,0.048,0.122,0.000241528403134951,0.431372549019608,8,0.628571428571429,6,"DAND5","p_val_adj<0.05"
"PRRC2C",2.21754325725644e-18,0.252679987484247,0.878,0.956,5.87316331684369e-14,0.346072186836518,12,0.347349177330896,9,"PRRC2C","p_val_adj<0.05"
"MMP15",4.16417358268794e-55,0.251986187974545,0.17,0.526,1.1028813733749e-50,0.313186813186813,11,0.382059800664452,8,"MMP15","p_val_adj<0.05"
"CAP1",1.38857258033735e-14,0.2518293192757,0.749,0.85,3.67763447902348e-10,0.310945273631841,13,0.335390946502058,10,"CAP1","p_val_adj<0.05"
"COBLL1",9.25188334147818e-20,0.251704579285108,0.246,0.455,2.4503613029905e-15,0.443181818181818,12,0.392307692307692,8,"COBLL1","p_val_adj<0.05"
"TSPAN14",1.51302612814333e-09,0.251535982928209,0.42,0.556,4.00724970038762e-05,0.30820399113082,11,0.352201257861635,10,"TSPAN14","p_val_adj<0.05"
"COG4",1.80631991729442e-13,0.251474032292959,0.355,0.517,4.78403830095426e-09,0.341207349081365,12,0.398648648648649,9,"COG4","p_val_adj<0.05"
"WWC2",1.79365230320255e-34,0.251403033963496,0.248,0.538,4.75048812503196e-30,0.432330827067669,12,0.467532467532468,7,"WWC2","p_val_adj<0.05"
"ESRP1",3.83678799618843e-14,0.251387027520794,0.429,0.612,1.0161733007905e-09,0.380434782608696,11,0.311428571428571,9,"ESRP1","p_val_adj<0.05"
"GCNT2",1.24246978150569e-24,0.251200665552964,0.351,0.61,3.29068121631781e-20,0.352785145888594,12,0.429799426934097,8,"GCNT2","p_val_adj<0.05"
"RBPMS",0.00301720570026302,0.250957378798594,0.65,0.682,1,0.327116212338594,11,0.394871794871795,10,"RBPMS","NS"
"PSME2",1.23745857310424e-09,0.250499136533153,0.876,0.927,3.27740903086658e-05,0.332978723404255,13,0.349056603773585,9,"PSME2","p_val_adj<0.05"
"OSBPL2",3.46093798503732e-12,0.250375233265774,0.402,0.579,9.16629425337133e-08,0.334106728538283,11,0.429003021148036,8,"OSBPL2","p_val_adj<0.05"
"MXD4",5.72038599855227e-07,0.250344026962347,0.515,0.6,0.0151504423171657,0.336347197106691,11,0.41399416909621,9,"MXD4","p_val_adj<0.05"
"LMO3",2.65641061965888e-23,0.250338211074863,0.447,0.706,7.03550352616655e-19,0.454166666666667,11,0.356435643564356,10,"LMO3","p_val_adj<0.05"
"ATP6V0B",5.56437529676886e-09,0.250062882220185,0.817,0.874,0.000147372479734923,0.339794754846066,13,0.356,10,"ATP6V0B","p_val_adj<0.05"
"ARFGEF3",0.0107202626748278,0.250055457457778,0.574,0.601,1,0.38961038961039,12,0.427325581395349,7,"ARFGEF3","NS"
